ID,個案公佈日,區域,新增確診人數
1,2022/10/31,全區,2949
2,2022/10/31,內湖區,322
3,2022/10/31,文山區,320
4,2022/10/31,士林區,329
5,2022/10/31,北投區,281
6,2022/10/31,中山區,285
7,2022/10/31,大安區,317
8,2022/10/31,信義區,281
9,2022/10/31,萬華區,140
10,2022/10/31,松山區,211
11,2022/10/31,南港區,164
12,2022/10/31,中正區,155
13,2022/10/31,大同區,144
14,2022/10/30,全區,1925
15,2022/10/30,內湖區,199
16,2022/10/30,文山區,219
17,2022/10/30,士林區,207
18,2022/10/30,北投區,168
19,2022/10/30,中山區,162
20,2022/10/30,大安區,174
21,2022/10/30,信義區,180
22,2022/10/30,萬華區,149
23,2022/10/30,松山區,138
24,2022/10/30,南港區,130
25,2022/10/30,中正區,98
26,2022/10/30,大同區,101
27,2022/10/29,全區,2863
28,2022/10/29,內湖區,354
29,2022/10/29,文山區,341
30,2022/10/29,士林區,327
31,2022/10/29,北投區,267
32,2022/10/29,中山區,258
33,2022/10/29,大安區,306
34,2022/10/29,信義區,250
35,2022/10/29,萬華區,147
36,2022/10/29,松山區,199
37,2022/10/29,南港區,145
38,2022/10/29,中正區,142
39,2022/10/29,大同區,127
40,2022/10/28,全區,2970
41,2022/10/28,內湖區,358
42,2022/10/28,文山區,326
43,2022/10/28,士林區,349
44,2022/10/28,北投區,246
45,2022/10/28,中山區,308
46,2022/10/28,大安區,303
47,2022/10/28,信義區,238
48,2022/10/28,萬華區,179
49,2022/10/28,松山區,231
50,2022/10/28,南港區,167
51,2022/10/28,中正區,153
52,2022/10/28,大同區,112
53,2022/10/27,全區,3082
54,2022/10/27,內湖區,330
55,2022/10/27,文山區,401
56,2022/10/27,士林區,369
57,2022/10/27,北投區,267
58,2022/10/27,中山區,283
59,2022/10/27,大安區,295
60,2022/10/27,信義區,287
61,2022/10/27,萬華區,188
62,2022/10/27,松山區,201
63,2022/10/27,南港區,146
64,2022/10/27,中正區,175
65,2022/10/27,大同區,140
66,2022/10/26,全區,3260
67,2022/10/26,內湖區,408
68,2022/10/26,文山區,360
69,2022/10/26,士林區,332
70,2022/10/26,北投區,291
71,2022/10/26,中山區,313
72,2022/10/26,大安區,328
73,2022/10/26,信義區,254
74,2022/10/26,萬華區,231
75,2022/10/26,松山區,272
76,2022/10/26,南港區,151
77,2022/10/26,中正區,168
78,2022/10/26,大同區,152
79,2022/10/25,全區,3704
80,2022/10/25,內湖區,480
81,2022/10/25,文山區,451
82,2022/10/25,士林區,403
83,2022/10/25,北投區,332
84,2022/10/25,中山區,334
85,2022/10/25,大安區,353
86,2022/10/25,信義區,309
87,2022/10/25,萬華區,213
88,2022/10/25,松山區,275
89,2022/10/25,南港區,186
90,2022/10/25,中正區,183
91,2022/10/25,大同區,185
92,2022/10/24,全區,3482
93,2022/10/24,內湖區,407
94,2022/10/24,文山區,387
95,2022/10/24,士林區,342
96,2022/10/24,北投區,335
97,2022/10/24,中山區,338
98,2022/10/24,大安區,348
99,2022/10/24,信義區,311
100,2022/10/24,萬華區,215
101,2022/10/24,松山區,292
102,2022/10/24,南港區,170
103,2022/10/24,中正區,189
104,2022/10/24,大同區,148
105,2022/10/23,全區,2449
106,2022/10/23,內湖區,277
107,2022/10/23,文山區,264
108,2022/10/23,士林區,302
109,2022/10/23,北投區,219
110,2022/10/23,中山區,211
111,2022/10/23,大安區,237
112,2022/10/23,信義區,225
113,2022/10/23,萬華區,160
114,2022/10/23,松山區,175
115,2022/10/23,南港區,138
116,2022/10/23,中正區,113
117,2022/10/23,大同區,128
118,2022/10/22,全區,3390
119,2022/10/22,內湖區,479
120,2022/10/22,文山區,372
121,2022/10/22,士林區,372
122,2022/10/22,北投區,317
123,2022/10/22,中山區,355
124,2022/10/22,大安區,361
125,2022/10/22,信義區,233
126,2022/10/22,萬華區,185
127,2022/10/22,松山區,243
128,2022/10/22,南港區,137
129,2022/10/22,中正區,173
130,2022/10/22,大同區,163
131,2022/10/21,全區,3289
132,2022/10/21,內湖區,391
133,2022/10/21,文山區,361
134,2022/10/21,士林區,401
135,2022/10/21,北投區,317
136,2022/10/21,中山區,332
137,2022/10/21,大安區,341
138,2022/10/21,信義區,274
139,2022/10/21,萬華區,171
140,2022/10/21,松山區,256
141,2022/10/21,南港區,145
142,2022/10/21,中正區,155
143,2022/10/21,大同區,145
144,2022/10/20,全區,3400
145,2022/10/20,內湖區,443
146,2022/10/20,文山區,360
147,2022/10/20,士林區,335
148,2022/10/20,北投區,303
149,2022/10/20,中山區,310
150,2022/10/20,大安區,341
151,2022/10/20,信義區,304
152,2022/10/20,萬華區,187
153,2022/10/20,松山區,269
154,2022/10/20,南港區,180
155,2022/10/20,中正區,177
156,2022/10/20,大同區,191
157,2022/10/19,全區,3735
158,2022/10/19,內湖區,497
159,2022/10/19,文山區,406
160,2022/10/19,士林區,359
161,2022/10/19,北投區,302
162,2022/10/19,中山區,329
163,2022/10/19,大安區,400
164,2022/10/19,信義區,340
165,2022/10/19,萬華區,210
166,2022/10/19,松山區,337
167,2022/10/19,南港區,189
168,2022/10/19,中正區,201
169,2022/10/19,大同區,165
170,2022/10/18,全區,4234
171,2022/10/18,內湖區,543
172,2022/10/18,文山區,470
173,2022/10/18,士林區,429
174,2022/10/18,北投區,376
175,2022/10/18,中山區,448
176,2022/10/18,大安區,414
177,2022/10/18,信義區,352
178,2022/10/18,萬華區,252
179,2022/10/18,松山區,292
180,2022/10/18,南港區,187
181,2022/10/18,中正區,245
182,2022/10/18,大同區,226
183,2022/10/17,全區,4256
184,2022/10/17,內湖區,513
185,2022/10/17,文山區,517
186,2022/10/17,士林區,455
187,2022/10/17,北投區,378
188,2022/10/17,中山區,331
189,2022/10/17,大安區,424
190,2022/10/17,信義區,395
191,2022/10/17,萬華區,261
192,2022/10/17,松山區,352
193,2022/10/17,南港區,225
194,2022/10/17,中正區,252
195,2022/10/17,大同區,153
196,2022/10/16,全區,2826
197,2022/10/16,內湖區,366
198,2022/10/16,文山區,298
199,2022/10/16,士林區,297
200,2022/10/16,北投區,269
201,2022/10/16,中山區,218
202,2022/10/16,大安區,257
203,2022/10/16,信義區,282
204,2022/10/16,萬華區,188
205,2022/10/16,松山區,206
206,2022/10/16,南港區,135
207,2022/10/16,大同區,157
208,2022/10/16,中正區,153
209,2022/10/15,全區,4022
210,2022/10/15,內湖區,538
211,2022/10/15,文山區,457
212,2022/10/15,士林區,417
213,2022/10/15,北投區,396
214,2022/10/15,中山區,360
215,2022/10/15,大安區,380
216,2022/10/15,信義區,349
217,2022/10/15,萬華區,246
218,2022/10/15,松山區,291
219,2022/10/15,南港區,200
220,2022/10/15,大同區,182
221,2022/10/15,中正區,206
222,2022/10/14,全區,4255
223,2022/10/14,內湖區,556
224,2022/10/14,文山區,448
225,2022/10/14,士林區,421
226,2022/10/14,北投區,398
227,2022/10/14,中山區,404
228,2022/10/14,大安區,448
229,2022/10/14,信義區,370
230,2022/10/14,萬華區,276
231,2022/10/14,松山區,320
232,2022/10/14,南港區,175
233,2022/10/14,大同區,242
234,2022/10/14,中正區,197
235,2022/10/13,全區,4745
236,2022/10/13,內湖區,582
237,2022/10/13,文山區,608
238,2022/10/13,士林區,478
239,2022/10/13,北投區,395
240,2022/10/13,中山區,439
241,2022/10/13,大安區,416
242,2022/10/13,信義區,415
243,2022/10/13,萬華區,275
244,2022/10/13,松山區,381
245,2022/10/13,南港區,273
246,2022/10/13,中正區,237
247,2022/10/13,大同區,246
248,2022/10/12,全區,5430
249,2022/10/12,內湖區,665
250,2022/10/12,文山區,593
251,2022/10/12,士林區,621
252,2022/10/12,北投區,447
253,2022/10/12,中山區,575
254,2022/10/12,大安區,558
255,2022/10/12,信義區,396
256,2022/10/12,萬華區,336
257,2022/10/12,松山區,451
258,2022/10/12,南港區,266
259,2022/10/12,中正區,276
260,2022/10/12,大同區,246
261,2022/10/11,全區,5090
262,2022/10/11,內湖區,585
263,2022/10/11,文山區,549
264,2022/10/11,士林區,543
265,2022/10/11,北投區,478
266,2022/10/11,中山區,522
267,2022/10/11,大安區,550
268,2022/10/11,信義區,436
269,2022/10/11,萬華區,287
270,2022/10/11,松山區,347
271,2022/10/11,南港區,255
272,2022/10/11,大同區,224
273,2022/10/11,中正區,314
274,2022/10/10,全區,3774
275,2022/10/10,內湖區,437
276,2022/10/10,文山區,443
277,2022/10/10,士林區,399
278,2022/10/10,北投區,408
279,2022/10/10,中山區,349
280,2022/10/10,大安區,347
281,2022/10/10,信義區,337
282,2022/10/10,萬華區,234
283,2022/10/10,松山區,290
284,2022/10/10,南港區,178
285,2022/10/10,大同區,176
286,2022/10/10,中正區,176
287,2022/10/9,全區,3255
288,2022/10/9,內湖區,355
289,2022/10/9,文山區,416
290,2022/10/9,士林區,388
291,2022/10/9,北投區,283
292,2022/10/9,中山區,282
293,2022/10/9,大安區,281
294,2022/10/9,信義區,278
295,2022/10/9,萬華區,204
296,2022/10/9,松山區,256
297,2022/10/9,南港區,198
298,2022/10/9,大同區,155
299,2022/10/9,中正區,159
300,2022/10/8,全區,4387
301,2022/10/8,內湖區,563
302,2022/10/8,文山區,491
303,2022/10/8,士林區,442
304,2022/10/8,北投區,448
305,2022/10/8,中山區,390
306,2022/10/8,大安區,412
307,2022/10/8,信義區,411
308,2022/10/8,萬華區,276
309,2022/10/8,松山區,344
310,2022/10/8,南港區,205
311,2022/10/8,大同區,175
312,2022/10/8,中正區,230
313,2022/10/7,全區,4793
314,2022/10/7,內湖區,606
315,2022/10/7,文山區,518
316,2022/10/7,士林區,548
317,2022/10/7,北投區,459
318,2022/10/7,中山區,458
319,2022/10/7,大安區,490
320,2022/10/7,信義區,421
321,2022/10/7,萬華區,293
322,2022/10/7,松山區,315
323,2022/10/7,南港區,253
324,2022/10/7,大同區,189
325,2022/10/7,中正區,243
326,2022/10/6,全區,5315
327,2022/10/6,內湖區,680
328,2022/10/6,文山區,601
329,2022/10/6,士林區,535
330,2022/10/6,北投區,471
331,2022/10/6,中山區,495
332,2022/10/6,大安區,513
333,2022/10/6,信義區,478
334,2022/10/6,萬華區,293
335,2022/10/6,松山區,421
336,2022/10/6,南港區,286
337,2022/10/6,大同區,251
338,2022/10/6,中正區,291
339,2022/10/5,全區,5147
340,2022/10/5,內湖區,641
341,2022/10/5,文山區,544
342,2022/10/5,士林區,557
343,2022/10/5,北投區,484
344,2022/10/5,中山區,515
345,2022/10/5,大安區,532
346,2022/10/5,信義區,411
347,2022/10/5,萬華區,360
348,2022/10/5,松山區,369
349,2022/10/5,南港區,244
350,2022/10/5,大同區,230
351,2022/10/5,中正區,260
352,2022/10/4,全區,6148
353,2022/10/4,內湖區,705
354,2022/10/4,文山區,733
355,2022/10/4,士林區,631
356,2022/10/4,北投區,593
357,2022/10/4,中山區,601
358,2022/10/4,大安區,619
359,2022/10/4,信義區,492
360,2022/10/4,萬華區,386
361,2022/10/4,松山區,470
362,2022/10/4,南港區,297
363,2022/10/4,大同區,285
364,2022/10/4,中正區,336
365,2022/10/3,全區,5096
366,2022/10/3,內湖區,544
367,2022/10/3,文山區,623
368,2022/10/3,士林區,530
369,2022/10/3,北投區,453
370,2022/10/3,中山區,431
371,2022/10/3,大安區,596
372,2022/10/3,信義區,505
373,2022/10/3,萬華區,316
374,2022/10/3,松山區,423
375,2022/10/3,南港區,235
376,2022/10/3,大同區,197
377,2022/10/3,中正區,243
378,2022/10/2,全區,3516
379,2022/10/2,內湖區,400
380,2022/10/2,文山區,381
381,2022/10/2,士林區,420
382,2022/10/2,北投區,335
383,2022/10/2,中山區,355
384,2022/10/2,大安區,321
385,2022/10/2,信義區,314
386,2022/10/2,萬華區,236
387,2022/10/2,松山區,241
388,2022/10/2,南港區,183
389,2022/10/2,大同區,185
390,2022/10/2,中正區,145
391,2022/10/1,全區,4708
392,2022/10/1,內湖區,568
393,2022/10/1,文山區,608
394,2022/10/1,士林區,506
395,2022/10/1,北投區,473
396,2022/10/1,中山區,432
397,2022/10/1,大安區,440
398,2022/10/1,信義區,401
399,2022/10/1,萬華區,278
400,2022/10/1,松山區,320
401,2022/10/1,南港區,208
402,2022/10/1,大同區,202
403,2022/10/1,中正區,272
404,2022/9/30,全區,4692
405,2022/9/30,內湖區,600
406,2022/9/30,文山區,558
407,2022/9/30,士林區,495
408,2022/9/30,北投區,414
409,2022/9/30,中山區,493
410,2022/9/30,大安區,460
411,2022/9/30,信義區,421
412,2022/9/30,萬華區,266
413,2022/9/30,松山區,339
414,2022/9/30,南港區,209
415,2022/9/30,大同區,215
416,2022/9/30,中正區,222
417,2022/9/29,全區,4600
418,2022/9/29,內湖區,566
419,2022/9/29,文山區,544
420,2022/9/29,士林區,539
421,2022/9/29,北投區,398
422,2022/9/29,中山區,409
423,2022/9/29,大安區,453
424,2022/9/29,信義區,399
425,2022/9/29,萬華區,283
426,2022/9/29,松山區,362
427,2022/9/29,南港區,220
428,2022/9/29,大同區,189
429,2022/9/29,中正區,238
430,2022/9/28,全區,4873
431,2022/9/28,內湖區,579
432,2022/9/28,文山區,557
433,2022/9/28,士林區,464
434,2022/9/28,北投區,477
435,2022/9/28,中山區,493
436,2022/9/28,大安區,520
437,2022/9/28,信義區,461
438,2022/9/28,萬華區,289
439,2022/9/28,松山區,333
440,2022/9/28,南港區,236
441,2022/9/28,大同區,221
442,2022/9/28,中正區,243
443,2022/9/27,全區,5404
444,2022/9/27,內湖區,692
445,2022/9/27,文山區,597
446,2022/9/27,士林區,578
447,2022/9/27,北投區,514
448,2022/9/27,中山區,527
449,2022/9/27,大安區,533
450,2022/9/27,信義區,478
451,2022/9/27,萬華區,284
452,2022/9/27,松山區,417
453,2022/9/27,南港區,239
454,2022/9/27,大同區,271
455,2022/9/27,中正區,274
456,2022/9/26,全區,4961
457,2022/9/26,內湖區,472
458,2022/9/26,文山區,587
459,2022/9/26,士林區,527
460,2022/9/26,北投區,462
461,2022/9/26,中山區,442
462,2022/9/26,大安區,557
463,2022/9/26,信義區,491
464,2022/9/26,萬華區,347
465,2022/9/26,松山區,354
466,2022/9/26,南港區,222
467,2022/9/26,大同區,220
468,2022/9/26,中正區,280
469,2022/9/25,全區,3178
470,2022/9/25,內湖區,385
471,2022/9/25,文山區,359
472,2022/9/25,士林區,353
473,2022/9/25,北投區,309
474,2022/9/25,中山區,294
475,2022/9/25,大安區,276
476,2022/9/25,信義區,284
477,2022/9/25,萬華區,181
478,2022/9/25,松山區,237
479,2022/9/25,南港區,173
480,2022/9/25,大同區,187
481,2022/9/25,中正區,140
482,2022/9/24,全區,4263
483,2022/9/24,內湖區,488
484,2022/9/24,文山區,430
485,2022/9/24,士林區,455
486,2022/9/24,北投區,434
487,2022/9/24,中山區,408
488,2022/9/24,大安區,480
489,2022/9/24,信義區,334
490,2022/9/24,萬華區,248
491,2022/9/24,松山區,325
492,2022/9/24,南港區,221
493,2022/9/24,大同區,206
494,2022/9/24,中正區,234
495,2022/9/23,全區,4290
496,2022/9/23,內湖區,447
497,2022/9/23,文山區,514
498,2022/9/23,士林區,482
499,2022/9/23,北投區,463
500,2022/9/23,中山區,417
501,2022/9/23,大安區,415
502,2022/9/23,信義區,417
503,2022/9/23,萬華區,302
504,2022/9/23,松山區,271
505,2022/9/23,南港區,188
506,2022/9/23,大同區,159
507,2022/9/23,中正區,215
508,2022/9/22,全區,4504
509,2022/9/22,內湖區,542
510,2022/9/22,文山區,480
511,2022/9/22,士林區,472
512,2022/9/22,北投區,409
513,2022/9/22,中山區,450
514,2022/9/22,大安區,475
515,2022/9/22,信義區,402
516,2022/9/22,萬華區,245
517,2022/9/22,松山區,342
518,2022/9/22,南港區,228
519,2022/9/22,大同區,223
520,2022/9/22,中正區,236
521,2022/9/21,全區,4871
522,2022/9/21,內湖區,570
523,2022/9/21,文山區,561
524,2022/9/21,士林區,516
525,2022/9/21,北投區,462
526,2022/9/21,中山區,466
527,2022/9/21,大安區,536
528,2022/9/21,信義區,393
529,2022/9/21,萬華區,304
530,2022/9/21,松山區,359
531,2022/9/21,南港區,257
532,2022/9/21,大同區,203
533,2022/9/21,中正區,244
534,2022/9/20,全區,5564
535,2022/9/20,內湖區,677
536,2022/9/20,文山區,587
537,2022/9/20,士林區,535
538,2022/9/20,北投區,497
539,2022/9/20,中山區,544
540,2022/9/20,大安區,624
541,2022/9/20,信義區,484
542,2022/9/20,萬華區,352
543,2022/9/20,松山區,439
544,2022/9/20,南港區,273
545,2022/9/20,大同區,265
546,2022/9/20,中正區,287
547,2022/9/19,全區,5102
548,2022/9/19,內湖區,565
549,2022/9/19,文山區,551
550,2022/9/19,士林區,523
551,2022/9/19,北投區,473
552,2022/9/19,中山區,479
553,2022/9/19,大安區,537
554,2022/9/19,信義區,475
555,2022/9/19,萬華區,338
556,2022/9/19,松山區,449
557,2022/9/19,南港區,241
558,2022/9/19,大同區,204
559,2022/9/19,中正區,267
560,2022/9/18,全區,3177
561,2022/9/18,內湖區,312
562,2022/9/18,文山區,362
563,2022/9/18,士林區,358
564,2022/9/18,北投區,226
565,2022/9/18,中山區,332
566,2022/9/18,大安區,340
567,2022/9/18,信義區,307
568,2022/9/18,萬華區,224
569,2022/9/18,松山區,218
570,2022/9/18,南港區,160
571,2022/9/18,大同區,166
572,2022/9/18,中正區,172
573,2022/9/17,全區,4365
574,2022/9/17,內湖區,496
575,2022/9/17,文山區,491
576,2022/9/17,士林區,459
577,2022/9/17,北投區,422
578,2022/9/17,中山區,447
579,2022/9/17,大安區,451
580,2022/9/17,信義區,370
581,2022/9/17,萬華區,251
582,2022/9/17,松山區,300
583,2022/9/17,南港區,238
584,2022/9/17,大同區,232
585,2022/9/17,中正區,208
586,2022/9/16,全區,4586
587,2022/9/16,內湖區,516
588,2022/9/16,文山區,524
589,2022/9/16,士林區,456
590,2022/9/16,北投區,428
591,2022/9/16,中山區,418
592,2022/9/16,大安區,471
593,2022/9/16,信義區,430
594,2022/9/16,萬華區,287
595,2022/9/16,松山區,355
596,2022/9/16,南港區,221
597,2022/9/16,大同區,212
598,2022/9/16,中正區,268
599,2022/9/15,全區,4784
600,2022/9/15,內湖區,540
601,2022/9/15,文山區,551
602,2022/9/15,士林區,514
603,2022/9/15,北投區,436
604,2022/9/15,中山區,417
605,2022/9/15,大安區,454
606,2022/9/15,信義區,487
607,2022/9/15,萬華區,320
608,2022/9/15,松山區,394
609,2022/9/15,南港區,235
610,2022/9/15,大同區,192
611,2022/9/15,中正區,244
612,2022/9/14,全區,5263
613,2022/9/14,內湖區,634
614,2022/9/14,文山區,586
615,2022/9/14,士林區,530
616,2022/9/14,北投區,493
617,2022/9/14,中山區,493
618,2022/9/14,大安區,545
619,2022/9/14,信義區,482
620,2022/9/14,萬華區,306
621,2022/9/14,松山區,410
622,2022/9/14,南港區,282
623,2022/9/14,大同區,254
624,2022/9/14,中正區,248
625,2022/9/13,全區,5696
626,2022/9/13,內湖區,735
627,2022/9/13,文山區,654
628,2022/9/13,士林區,599
629,2022/9/13,北投區,512
630,2022/9/13,中山區,534
631,2022/9/13,大安區,581
632,2022/9/13,信義區,452
633,2022/9/13,萬華區,340
634,2022/9/13,松山區,451
635,2022/9/13,南港區,274
636,2022/9/13,大同區,291
637,2022/9/13,中正區,273
638,2022/9/12,全區,5439
639,2022/9/12,內湖區,630
640,2022/9/12,文山區,571
641,2022/9/12,士林區,540
642,2022/9/12,北投區,451
643,2022/9/12,中山區,464
644,2022/9/12,信義區,524
645,2022/9/12,大安區,674
646,2022/9/12,萬華區,294
647,2022/9/12,松山區,487
648,2022/9/12,南港區,301
649,2022/9/12,大同區,200
650,2022/9/12,中正區,303
651,2022/9/11,全區,2894
652,2022/9/11,內湖區,315
653,2022/9/11,文山區,309
654,2022/9/11,士林區,326
655,2022/9/11,北投區,302
656,2022/9/11,中山區,275
657,2022/9/11,信義區,233
658,2022/9/11,大安區,278
659,2022/9/11,萬華區,198
660,2022/9/11,松山區,199
661,2022/9/11,南港區,183
662,2022/9/11,大同區,130
663,2022/9/11,中正區,146
664,2022/9/10,全區,3731
665,2022/9/10,內湖區,487
666,2022/9/10,文山區,418
667,2022/9/10,士林區,354
668,2022/9/10,北投區,353
669,2022/9/10,中山區,318
670,2022/9/10,信義區,308
671,2022/9/10,大安區,371
672,2022/9/10,萬華區,245
673,2022/9/10,松山區,301
674,2022/9/10,南港區,189
675,2022/9/10,大同區,196
676,2022/9/10,中正區,191
677,2022/9/9,全區,4356
678,2022/9/9,內湖區,545
679,2022/9/9,文山區,495
680,2022/9/9,士林區,516
681,2022/9/9,北投區,426
682,2022/9/9,中山區,402
683,2022/9/9,信義區,356
684,2022/9/9,大安區,459
685,2022/9/9,萬華區,207
686,2022/9/9,松山區,331
687,2022/9/9,南港區,211
688,2022/9/9,大同區,193
689,2022/9/9,中正區,215
690,2022/9/8,全區,4288
691,2022/9/8,內湖區,520
692,2022/9/8,文山區,423
693,2022/9/8,士林區,449
694,2022/9/8,北投區,322
695,2022/9/8,中山區,398
696,2022/9/8,信義區,410
697,2022/9/8,大安區,421
698,2022/9/8,萬華區,284
699,2022/9/8,松山區,415
700,2022/9/8,南港區,202
701,2022/9/8,大同區,204
702,2022/9/8,中正區,240
703,2022/9/7,全區,4338
704,2022/9/7,內湖區,548
705,2022/9/7,文山區,481
706,2022/9/7,士林區,405
707,2022/9/7,北投區,347
708,2022/9/7,中山區,413
709,2022/9/7,信義區,400
710,2022/9/7,大安區,514
711,2022/9/7,萬華區,260
712,2022/9/7,松山區,333
713,2022/9/7,南港區,209
714,2022/9/7,大同區,197
715,2022/9/7,中正區,231
716,2022/9/6,全區,5419
717,2022/9/6,內湖區,692
718,2022/9/6,文山區,642
719,2022/9/6,士林區,584
720,2022/9/6,北投區,467
721,2022/9/6,中山區,487
722,2022/9/6,信義區,483
723,2022/9/6,大安區,545
724,2022/9/6,萬華區,277
725,2022/9/6,松山區,414
726,2022/9/6,南港區,262
727,2022/9/6,大同區,269
728,2022/9/6,中正區,297
729,2022/9/5,全區,4449
730,2022/9/5,內湖區,491
731,2022/9/5,文山區,483
732,2022/9/5,士林區,471
733,2022/9/5,北投區,370
734,2022/9/5,中山區,424
735,2022/9/5,信義區,404
736,2022/9/5,大安區,544
737,2022/9/5,萬華區,255
738,2022/9/5,松山區,404
739,2022/9/5,南港區,216
740,2022/9/5,大同區,158
741,2022/9/5,中正區,229
742,2022/9/4,全區,2948
743,2022/9/4,內湖區,333
744,2022/9/4,文山區,387
745,2022/9/4,士林區,352
746,2022/9/4,北投區,249
747,2022/9/4,中山區,235
748,2022/9/4,信義區,285
749,2022/9/4,大安區,266
750,2022/9/4,萬華區,180
751,2022/9/4,松山區,196
752,2022/9/4,南港區,170
753,2022/9/4,大同區,153
754,2022/9/4,中正區,142
755,2022/9/3,全區,4104
756,2022/9/3,內湖區,552
757,2022/9/3,文山區,467
758,2022/9/3,士林區,472
759,2022/9/3,北投區,415
760,2022/9/3,中山區,329
761,2022/9/3,信義區,333
762,2022/9/3,大安區,432
763,2022/9/3,萬華區,226
764,2022/9/3,松山區,274
765,2022/9/3,南港區,205
766,2022/9/3,大同區,171
767,2022/9/3,中正區,228
768,2022/9/2,全區,3933
769,2022/9/2,內湖區,484
770,2022/9/2,文山區,420
771,2022/9/2,士林區,445
772,2022/9/2,北投區,351
773,2022/9/2,中山區,396
774,2022/9/2,信義區,334
775,2022/9/2,大安區,399
776,2022/9/2,萬華區,224
777,2022/9/2,松山區,320
778,2022/9/2,南港區,188
779,2022/9/2,大同區,168
780,2022/9/2,中正區,204
781,2022/9/1,全區,4106
782,2022/9/1,內湖區,515
783,2022/9/1,文山區,459
784,2022/9/1,士林區,447
785,2022/9/1,北投區,387
786,2022/9/1,中山區,396
787,2022/9/1,信義區,356
788,2022/9/1,大安區,401
789,2022/9/1,萬華區,208
790,2022/9/1,松山區,302
791,2022/9/1,南港區,187
792,2022/9/1,大同區,227
793,2022/9/1,中正區,221
794,2022/8/31,全區,4148
795,2022/8/31,內湖區,556
796,2022/8/31,文山區,448
797,2022/8/31,士林區,398
798,2022/8/31,北投區,370
799,2022/8/31,中山區,427
800,2022/8/31,信義區,403
801,2022/8/31,大安區,429
802,2022/8/31,萬華區,242
803,2022/8/31,松山區,282
804,2022/8/31,南港區,178
805,2022/8/31,大同區,174
806,2022/8/31,中正區,241
807,2022/8/30,全區,4143
808,2022/8/30,內湖區,498
809,2022/8/30,文山區,492
810,2022/8/30,士林區,486
811,2022/8/30,北投區,425
812,2022/8/30,中山區,400
813,2022/8/30,信義區,369
814,2022/8/30,大安區,388
815,2022/8/30,萬華區,224
816,2022/8/30,松山區,277
817,2022/8/30,南港區,181
818,2022/8/30,大同區,183
819,2022/8/30,中正區,220
820,2022/8/29,全區,3721
821,2022/8/29,內湖區,344
822,2022/8/29,文山區,438
823,2022/8/29,士林區,412
824,2022/8/29,北投區,349
825,2022/8/29,中山區,312
826,2022/8/29,信義區,370
827,2022/8/29,大安區,437
828,2022/8/29,萬華區,214
829,2022/8/29,松山區,301
830,2022/8/29,南港區,158
831,2022/8/29,大同區,175
832,2022/8/29,中正區,211
833,2022/8/28,全區,2380
834,2022/8/28,內湖區,305
835,2022/8/28,文山區,262
836,2022/8/28,士林區,255
837,2022/8/28,北投區,209
838,2022/8/28,中山區,239
839,2022/8/28,信義區,204
840,2022/8/28,大安區,228
841,2022/8/28,萬華區,161
842,2022/8/28,松山區,143
843,2022/8/28,南港區,139
844,2022/8/28,大同區,118
845,2022/8/28,中正區,117
846,2022/8/27,全區,3105
847,2022/8/27,內湖區,381
848,2022/8/27,文山區,354
849,2022/8/27,士林區,316
850,2022/8/27,北投區,333
851,2022/8/27,中山區,261
852,2022/8/27,信義區,277
853,2022/8/27,大安區,348
854,2022/8/27,萬華區,176
855,2022/8/27,松山區,202
856,2022/8/27,南港區,136
857,2022/8/27,大同區,151
858,2022/8/27,中正區,170
859,2022/8/26,全區,3088
860,2022/8/26,內湖區,325
861,2022/8/26,文山區,388
862,2022/8/26,士林區,325
863,2022/8/26,北投區,344
864,2022/8/26,中山區,295
865,2022/8/26,信義區,238
866,2022/8/26,大安區,314
867,2022/8/26,萬華區,163
868,2022/8/26,松山區,188
869,2022/8/26,南港區,161
870,2022/8/26,大同區,136
871,2022/8/26,中正區,211
872,2022/8/25,全區,2905
873,2022/8/25,內湖區,381
874,2022/8/25,文山區,272
875,2022/8/25,士林區,319
876,2022/8/25,北投區,273
877,2022/8/25,中山區,256
878,2022/8/25,信義區,277
879,2022/8/25,大安區,291
880,2022/8/25,萬華區,184
881,2022/8/25,松山區,237
882,2022/8/25,南港區,146
883,2022/8/25,大同區,128
884,2022/8/25,中正區,141
885,2022/8/24,全區,3277
886,2022/8/24,內湖區,420
887,2022/8/24,文山區,353
888,2022/8/24,士林區,337
889,2022/8/24,北投區,314
890,2022/8/24,中山區,316
891,2022/8/24,信義區,296
892,2022/8/24,大安區,367
893,2022/8/24,萬華區,188
894,2022/8/24,松山區,213
895,2022/8/24,南港區,163
896,2022/8/24,大同區,144
897,2022/8/24,中正區,166
898,2022/8/23,全區,3194
899,2022/8/23,內湖區,392
900,2022/8/23,文山區,367
901,2022/8/23,士林區,395
902,2022/8/23,北投區,293
903,2022/8/23,中山區,272
904,2022/8/23,信義區,338
905,2022/8/23,大安區,290
906,2022/8/23,萬華區,172
907,2022/8/23,松山區,249
908,2022/8/23,南港區,149
909,2022/8/23,大同區,130
910,2022/8/23,中正區,147
911,2022/8/22,全區,3073
912,2022/8/22,內湖區,365
913,2022/8/22,文山區,333
914,2022/8/22,士林區,364
915,2022/8/22,北投區,250
916,2022/8/22,中山區,326
917,2022/8/22,信義區,272
918,2022/8/22,大安區,328
919,2022/8/22,萬華區,169
920,2022/8/22,松山區,259
921,2022/8/22,南港區,133
922,2022/8/22,大同區,124
923,2022/8/22,中正區,150
924,2022/8/21,全區,1881
925,2022/8/21,內湖區,200
926,2022/8/21,文山區,229
927,2022/8/21,士林區,229
928,2022/8/21,北投區,172
929,2022/8/21,中山區,190
930,2022/8/21,信義區,139
931,2022/8/21,大安區,165
932,2022/8/21,萬華區,131
933,2022/8/21,松山區,126
934,2022/8/21,南港區,128
935,2022/8/21,大同區,82
936,2022/8/21,中正區,90
937,2022/8/20,全區,2483
938,2022/8/20,內湖區,342
939,2022/8/20,文山區,264
940,2022/8/20,士林區,300
941,2022/8/20,北投區,258
942,2022/8/20,中山區,246
943,2022/8/20,信義區,199
944,2022/8/20,大安區,248
945,2022/8/20,萬華區,146
946,2022/8/20,松山區,168
947,2022/8/20,南港區,108
948,2022/8/20,大同區,98
949,2022/8/20,中正區,106
950,2022/8/19,全區,2523
951,2022/8/19,內湖區,316
952,2022/8/19,文山區,267
953,2022/8/19,士林區,282
954,2022/8/19,北投區,229
955,2022/8/19,中山區,236
956,2022/8/19,信義區,210
957,2022/8/19,大安區,263
958,2022/8/19,萬華區,155
959,2022/8/19,松山區,198
960,2022/8/19,南港區,125
961,2022/8/19,大同區,118
962,2022/8/19,中正區,124
963,2022/8/18,全區,2625
964,2022/8/18,內湖區,339
965,2022/8/18,文山區,301
966,2022/8/18,士林區,308
967,2022/8/18,北投區,234
968,2022/8/18,中山區,225
969,2022/8/18,信義區,212
970,2022/8/18,萬華區,150
971,2022/8/18,大安區,263
972,2022/8/18,松山區,215
973,2022/8/18,南港區,168
974,2022/8/18,大同區,87
975,2022/8/18,中正區,123
976,2022/8/17,全區,2700
977,2022/8/17,內湖區,357
978,2022/8/17,文山區,279
979,2022/8/17,士林區,337
980,2022/8/17,北投區,255
981,2022/8/17,中山區,273
982,2022/8/17,信義區,256
983,2022/8/17,萬華區,137
984,2022/8/17,大安區,273
985,2022/8/17,松山區,185
986,2022/8/17,南港區,131
987,2022/8/17,大同區,101
988,2022/8/17,中正區,116
989,2022/8/16,全區,2911
990,2022/8/16,內湖區,424
991,2022/8/16,文山區,313
992,2022/8/16,士林區,321
993,2022/8/16,北投區,290
994,2022/8/16,中山區,269
995,2022/8/16,信義區,273
996,2022/8/16,萬華區,114
997,2022/8/16,大安區,308
998,2022/8/16,松山區,211
999,2022/8/16,南港區,149
1000,2022/8/16,大同區,107
1001,2022/8/16,中正區,132
1002,2022/8/15,全區,2464
1003,2022/8/15,內湖區,273
1004,2022/8/15,文山區,272
1005,2022/8/15,士林區,251
1006,2022/8/15,北投區,261
1007,2022/8/15,中山區,224
1008,2022/8/15,信義區,223
1009,2022/8/15,萬華區,130
1010,2022/8/15,大安區,269
1011,2022/8/15,松山區,213
1012,2022/8/15,南港區,117
1013,2022/8/15,大同區,103
1014,2022/8/15,中正區,128
1015,2022/8/14,全區,1675
1016,2022/8/14,內湖區,201
1017,2022/8/14,文山區,179
1018,2022/8/14,士林區,215
1019,2022/8/14,北投區,193
1020,2022/8/14,中山區,144
1021,2022/8/14,信義區,145
1022,2022/8/14,萬華區,112
1023,2022/8/14,大安區,163
1024,2022/8/14,松山區,97
1025,2022/8/14,南港區,85
1026,2022/8/14,大同區,79
1027,2022/8/14,中正區,62
1028,2022/8/13,全區,2263
1029,2022/8/13,內湖區,296
1030,2022/8/13,文山區,276
1031,2022/8/13,士林區,268
1032,2022/8/13,北投區,254
1033,2022/8/13,中山區,198
1034,2022/8/13,信義區,200
1035,2022/8/13,萬華區,111
1036,2022/8/13,大安區,206
1037,2022/8/13,松山區,172
1038,2022/8/13,南港區,85
1039,2022/8/13,大同區,95
1040,2022/8/13,中正區,102
1041,2022/8/12,全區,2318
1042,2022/8/12,內湖區,285
1043,2022/8/12,文山區,251
1044,2022/8/12,士林區,263
1045,2022/8/12,北投區,219
1046,2022/8/12,中山區,210
1047,2022/8/12,信義區,218
1048,2022/8/12,萬華區,105
1049,2022/8/12,大安區,246
1050,2022/8/12,松山區,186
1051,2022/8/12,南港區,128
1052,2022/8/12,大同區,91
1053,2022/8/12,中正區,116
1054,2022/8/11,全區,2282
1055,2022/8/11,內湖區,299
1056,2022/8/11,文山區,237
1057,2022/8/11,士林區,253
1058,2022/8/11,北投區,247
1059,2022/8/11,中山區,253
1060,2022/8/11,信義區,188
1061,2022/8/11,萬華區,116
1062,2022/8/11,大安區,193
1063,2022/8/11,松山區,157
1064,2022/8/11,南港區,107
1065,2022/8/11,大同區,106
1066,2022/8/11,中正區,126
1067,2022/8/10,全區,2377
1068,2022/8/10,內湖區,305
1069,2022/8/10,文山區,258
1070,2022/8/10,士林區,256
1071,2022/8/10,北投區,258
1072,2022/8/10,中山區,200
1073,2022/8/10,信義區,217
1074,2022/8/10,萬華區,140
1075,2022/8/10,大安區,249
1076,2022/8/10,松山區,181
1077,2022/8/10,南港區,109
1078,2022/8/10,大同區,92
1079,2022/8/10,中正區,112
1080,2022/8/9,全區,2423
1081,2022/8/9,內湖區,297
1082,2022/8/9,文山區,271
1083,2022/8/9,士林區,271
1084,2022/8/9,北投區,237
1085,2022/8/9,中山區,220
1086,2022/8/9,信義區,233
1087,2022/8/9,萬華區,113
1088,2022/8/9,大安區,215
1089,2022/8/9,松山區,195
1090,2022/8/9,南港區,116
1091,2022/8/9,大同區,115
1092,2022/8/9,中正區,140
1093,2022/8/8,全區,2448
1094,2022/8/8,內湖區,260
1095,2022/8/8,文山區,286
1096,2022/8/8,士林區,265
1097,2022/8/8,北投區,238
1098,2022/8/8,中山區,240
1099,2022/8/8,信義區,191
1100,2022/8/8,萬華區,107
1101,2022/8/8,大安區,258
1102,2022/8/8,松山區,220
1103,2022/8/8,南港區,140
1104,2022/8/8,大同區,100
1105,2022/8/8,中正區,143
1106,2022/8/7,全區,1370
1107,2022/8/7,內湖區,184
1108,2022/8/7,文山區,124
1109,2022/8/7,士林區,182
1110,2022/8/7,北投區,114
1111,2022/8/7,中山區,130
1112,2022/8/7,信義區,131
1113,2022/8/7,萬華區,94
1114,2022/8/7,大安區,105
1115,2022/8/7,松山區,79
1116,2022/8/7,南港區,68
1117,2022/8/7,大同區,78
1118,2022/8/7,中正區,81
1119,2022/8/6,全區,2141
1120,2022/8/6,內湖區,267
1121,2022/8/6,文山區,244
1122,2022/8/6,士林區,238
1123,2022/8/6,北投區,212
1124,2022/8/6,中山區,195
1125,2022/8/6,信義區,187
1126,2022/8/6,萬華區,123
1127,2022/8/6,大安區,225
1128,2022/8/6,松山區,137
1129,2022/8/6,南港區,108
1130,2022/8/6,大同區,85
1131,2022/8/6,中正區,120
1132,2022/8/5,全區,2046
1133,2022/8/5,內湖區,266
1134,2022/8/5,文山區,231
1135,2022/8/5,士林區,203
1136,2022/8/5,北投區,181
1137,2022/8/5,中山區,196
1138,2022/8/5,信義區,170
1139,2022/8/5,萬華區,129
1140,2022/8/5,大安區,197
1141,2022/8/5,松山區,146
1142,2022/8/5,南港區,128
1143,2022/8/5,大同區,101
1144,2022/8/5,中正區,98
1145,2022/8/4,全區,2202
1146,2022/8/4,內湖區,276
1147,2022/8/4,文山區,227
1148,2022/8/4,士林區,247
1149,2022/8/4,北投區,190
1150,2022/8/4,中山區,214
1151,2022/8/4,信義區,222
1152,2022/8/4,萬華區,133
1153,2022/8/4,大安區,210
1154,2022/8/4,松山區,139
1155,2022/8/4,南港區,117
1156,2022/8/4,大同區,104
1157,2022/8/4,中正區,123
1158,2022/8/3,全區,2250
1159,2022/8/3,內湖區,296
1160,2022/8/3,文山區,241
1161,2022/8/3,士林區,264
1162,2022/8/3,北投區,222
1163,2022/8/3,中山區,228
1164,2022/8/3,信義區,192
1165,2022/8/3,萬華區,110
1166,2022/8/3,大安區,213
1167,2022/8/3,松山區,143
1168,2022/8/3,南港區,116
1169,2022/8/3,大同區,110
1170,2022/8/3,中正區,115
1171,2022/8/2,全區,2245
1172,2022/8/2,內湖區,276
1173,2022/8/2,文山區,240
1174,2022/8/2,士林區,230
1175,2022/8/2,北投區,204
1176,2022/8/2,中山區,254
1177,2022/8/2,信義區,215
1178,2022/8/2,萬華區,144
1179,2022/8/2,大安區,215
1180,2022/8/2,松山區,148
1181,2022/8/2,南港區,113
1182,2022/8/2,大同區,103
1183,2022/8/2,中正區,103
1184,2022/8/1,全區,2102
1185,2022/8/1,內湖區,258
1186,2022/8/1,文山區,262
1187,2022/8/1,士林區,249
1188,2022/8/1,北投區,202
1189,2022/8/1,中山區,180
1190,2022/8/1,信義區,166
1191,2022/8/1,萬華區,99
1192,2022/8/1,大安區,215
1193,2022/8/1,松山區,169
1194,2022/8/1,南港區,104
1195,2022/8/1,大同區,74
1196,2022/8/1,中正區,124
1197,2022/7/31,全區,1452
1198,2022/7/31,內湖區,178
1199,2022/7/31,文山區,162
1200,2022/7/31,士林區,176
1201,2022/7/31,北投區,173
1202,2022/7/31,中山區,106
1203,2022/7/31,萬華區,77
1204,2022/7/31,信義區,120
1205,2022/7/31,大安區,129
1206,2022/7/31,松山區,77
1207,2022/7/31,南港區,103
1208,2022/7/31,大同區,79
1209,2022/7/31,中正區,72
1210,2022/7/30,全區,1900
1211,2022/7/30,內湖區,251
1212,2022/7/30,文山區,217
1213,2022/7/30,士林區,207
1214,2022/7/30,北投區,190
1215,2022/7/30,中山區,152
1216,2022/7/30,萬華區,105
1217,2022/7/30,信義區,172
1218,2022/7/30,大安區,194
1219,2022/7/30,松山區,119
1220,2022/7/30,南港區,84
1221,2022/7/30,大同區,112
1222,2022/7/30,中正區,97
1223,2022/7/29,全區,1861
1224,2022/7/29,內湖區,236
1225,2022/7/29,文山區,255
1226,2022/7/29,士林區,190
1227,2022/7/29,北投區,184
1228,2022/7/29,中山區,165
1229,2022/7/29,萬華區,115
1230,2022/7/29,信義區,140
1231,2022/7/29,大安區,187
1232,2022/7/29,松山區,124
1233,2022/7/29,南港區,84
1234,2022/7/29,大同區,90
1235,2022/7/29,中正區,91
1236,2022/7/28,全區,2089
1237,2022/7/28,內湖區,262
1238,2022/7/28,文山區,253
1239,2022/7/28,士林區,228
1240,2022/7/28,北投區,192
1241,2022/7/28,中山區,190
1242,2022/7/28,萬華區,141
1243,2022/7/28,信義區,179
1244,2022/7/28,大安區,192
1245,2022/7/28,松山區,158
1246,2022/7/28,南港區,96
1247,2022/7/28,大同區,99
1248,2022/7/28,中正區,99
1249,2022/7/27,全區,2305
1250,2022/7/27,內湖區,300
1251,2022/7/27,文山區,241
1252,2022/7/27,士林區,249
1253,2022/7/27,北投區,221
1254,2022/7/27,中山區,245
1255,2022/7/27,萬華區,131
1256,2022/7/27,信義區,197
1257,2022/7/27,大安區,197
1258,2022/7/27,松山區,163
1259,2022/7/27,南港區,132
1260,2022/7/27,大同區,130
1261,2022/7/27,中正區,99
1262,2022/7/26,全區,2368
1263,2022/7/26,內湖區,318
1264,2022/7/26,文山區,252
1265,2022/7/26,士林區,271
1266,2022/7/26,北投區,232
1267,2022/7/26,中山區,247
1268,2022/7/26,萬華區,123
1269,2022/7/26,信義區,200
1270,2022/7/26,大安區,209
1271,2022/7/26,松山區,168
1272,2022/7/26,南港區,96
1273,2022/7/26,大同區,122
1274,2022/7/26,中正區,130
1275,2022/7/25,全區,2303
1276,2022/7/25,內湖區,267
1277,2022/7/25,文山區,269
1278,2022/7/25,士林區,228
1279,2022/7/25,北投區,254
1280,2022/7/25,中山區,223
1281,2022/7/25,萬華區,125
1282,2022/7/25,信義區,195
1283,2022/7/25,大安區,215
1284,2022/7/25,松山區,203
1285,2022/7/25,南港區,113
1286,2022/7/25,大同區,85
1287,2022/7/25,中正區,126
1288,2022/7/24,全區,1565
1289,2022/7/24,內湖區,179
1290,2022/7/24,文山區,174
1291,2022/7/24,士林區,175
1292,2022/7/24,北投區,175
1293,2022/7/24,中山區,134
1294,2022/7/24,萬華區,103
1295,2022/7/24,信義區,130
1296,2022/7/24,大安區,127
1297,2022/7/24,松山區,95
1298,2022/7/24,南港區,102
1299,2022/7/24,大同區,89
1300,2022/7/24,中正區,82
1301,2022/7/23,全區,1980
1302,2022/7/23,內湖區,264
1303,2022/7/23,文山區,209
1304,2022/7/23,士林區,219
1305,2022/7/23,北投區,186
1306,2022/7/23,中山區,173
1307,2022/7/23,萬華區,105
1308,2022/7/23,信義區,197
1309,2022/7/23,大安區,172
1310,2022/7/23,松山區,141
1311,2022/7/23,南港區,124
1312,2022/7/23,大同區,90
1313,2022/7/23,中正區,100
1314,2022/7/22,全區,2130
1315,2022/7/22,內湖區,249
1316,2022/7/22,文山區,228
1317,2022/7/22,士林區,232
1318,2022/7/22,北投區,211
1319,2022/7/22,中山區,209
1320,2022/7/22,萬華區,116
1321,2022/7/22,信義區,191
1322,2022/7/22,大安區,201
1323,2022/7/22,松山區,151
1324,2022/7/22,南港區,101
1325,2022/7/22,大同區,98
1326,2022/7/22,中正區,143
1327,2022/7/21,全區,2268
1328,2022/7/21,內湖區,276
1329,2022/7/21,文山區,215
1330,2022/7/21,士林區,271
1331,2022/7/21,北投區,226
1332,2022/7/21,萬華區,140
1333,2022/7/21,中山區,236
1334,2022/7/21,信義區,228
1335,2022/7/21,大安區,178
1336,2022/7/21,松山區,156
1337,2022/7/21,南港區,108
1338,2022/7/21,大同區,103
1339,2022/7/21,中正區,131
1340,2022/7/20,全區,2538
1341,2022/7/20,內湖區,286
1342,2022/7/20,文山區,270
1343,2022/7/20,士林區,288
1344,2022/7/20,北投區,288
1345,2022/7/20,萬華區,145
1346,2022/7/20,中山區,255
1347,2022/7/20,信義區,205
1348,2022/7/20,大安區,253
1349,2022/7/20,松山區,186
1350,2022/7/20,南港區,112
1351,2022/7/20,大同區,107
1352,2022/7/20,中正區,143
1353,2022/7/19,全區,2637
1354,2022/7/19,內湖區,341
1355,2022/7/19,文山區,286
1356,2022/7/19,士林區,269
1357,2022/7/19,北投區,287
1358,2022/7/19,萬華區,137
1359,2022/7/19,中山區,271
1360,2022/7/19,信義區,246
1361,2022/7/19,大安區,240
1362,2022/7/19,松山區,205
1363,2022/7/19,南港區,136
1364,2022/7/19,大同區,100
1365,2022/7/19,中正區,119
1366,2022/7/18,全區,2685
1367,2022/7/18,內湖區,290
1368,2022/7/18,文山區,295
1369,2022/7/18,士林區,264
1370,2022/7/18,北投區,274
1371,2022/7/18,萬華區,158
1372,2022/7/18,中山區,272
1373,2022/7/18,信義區,256
1374,2022/7/18,大安區,290
1375,2022/7/18,松山區,212
1376,2022/7/18,南港區,134
1377,2022/7/18,大同區,109
1378,2022/7/18,中正區,131
1379,2022/7/17,全區,1550
1380,2022/7/17,內湖區,197
1381,2022/7/17,文山區,159
1382,2022/7/17,士林區,191
1383,2022/7/17,北投區,144
1384,2022/7/17,萬華區,105
1385,2022/7/17,中山區,139
1386,2022/7/17,信義區,121
1387,2022/7/17,大安區,127
1388,2022/7/17,松山區,99
1389,2022/7/17,大同區,77
1390,2022/7/17,南港區,99
1391,2022/7/17,中正區,92
1392,2022/7/16,全區,2230
1393,2022/7/16,內湖區,298
1394,2022/7/16,文山區,212
1395,2022/7/16,士林區,262
1396,2022/7/16,北投區,229
1397,2022/7/16,萬華區,119
1398,2022/7/16,中山區,224
1399,2022/7/16,信義區,212
1400,2022/7/16,大安區,193
1401,2022/7/16,松山區,166
1402,2022/7/16,大同區,102
1403,2022/7/16,南港區,101
1404,2022/7/16,中正區,112
1405,2022/7/15,全區,2140
1406,2022/7/15,文山區,217
1407,2022/7/15,內湖區,310
1408,2022/7/15,士林區,219
1409,2022/7/15,北投區,209
1410,2022/7/15,萬華區,112
1411,2022/7/15,中山區,201
1412,2022/7/15,信義區,189
1413,2022/7/15,大安區,203
1414,2022/7/15,松山區,163
1415,2022/7/15,大同區,85
1416,2022/7/15,南港區,132
1417,2022/7/15,中正區,100
1418,2022/7/14,全區,2314
1419,2022/7/14,文山區,249
1420,2022/7/14,內湖區,288
1421,2022/7/14,士林區,229
1422,2022/7/14,北投區,225
1423,2022/7/14,萬華區,124
1424,2022/7/14,中山區,217
1425,2022/7/14,信義區,208
1426,2022/7/14,大安區,221
1427,2022/7/14,松山區,198
1428,2022/7/14,大同區,94
1429,2022/7/14,南港區,136
1430,2022/7/14,中正區,125
1431,2022/7/13,全區,2476
1432,2022/7/13,文山區,281
1433,2022/7/13,內湖區,307
1434,2022/7/13,士林區,234
1435,2022/7/13,北投區,239
1436,2022/7/13,萬華區,144
1437,2022/7/13,中山區,256
1438,2022/7/13,信義區,202
1439,2022/7/13,大安區,230
1440,2022/7/13,松山區,231
1441,2022/7/13,大同區,119
1442,2022/7/13,南港區,141
1443,2022/7/13,中正區,92
1444,2022/7/12,全區,2816
1445,2022/7/12,文山區,301
1446,2022/7/12,內湖區,370
1447,2022/7/12,士林區,267
1448,2022/7/12,北投區,269
1449,2022/7/12,萬華區,176
1450,2022/7/12,中山區,305
1451,2022/7/12,信義區,275
1452,2022/7/12,大安區,236
1453,2022/7/12,松山區,213
1454,2022/7/12,大同區,120
1455,2022/7/12,南港區,168
1456,2022/7/12,中正區,116
1457,2022/7/11,全區,2518
1458,2022/7/11,文山區,325
1459,2022/7/11,內湖區,302
1460,2022/7/11,士林區,266
1461,2022/7/11,北投區,207
1462,2022/7/11,萬華區,153
1463,2022/7/11,中山區,250
1464,2022/7/11,信義區,228
1465,2022/7/11,大安區,237
1466,2022/7/11,松山區,217
1467,2022/7/11,大同區,99
1468,2022/7/11,南港區,123
1469,2022/7/11,中正區,111
1470,2022/7/10,全區,1595
1471,2022/7/10,文山區,178
1472,2022/7/10,內湖區,211
1473,2022/7/10,士林區,144
1474,2022/7/10,北投區,146
1475,2022/7/10,萬華區,115
1476,2022/7/10,中山區,162
1477,2022/7/10,信義區,144
1478,2022/7/10,大安區,136
1479,2022/7/10,松山區,121
1480,2022/7/10,大同區,65
1481,2022/7/10,南港區,101
1482,2022/7/10,中正區,72
1483,2022/7/9,全區,2353
1484,2022/7/9,文山區,279
1485,2022/7/9,士林區,211
1486,2022/7/9,內湖區,323
1487,2022/7/9,北投區,213
1488,2022/7/9,萬華區,134
1489,2022/7/9,中山區,244
1490,2022/7/9,信義區,209
1491,2022/7/9,大安區,205
1492,2022/7/9,松山區,169
1493,2022/7/9,大同區,135
1494,2022/7/9,南港區,120
1495,2022/7/9,中正區,111
1496,2022/7/8,全區,2244
1497,2022/7/8,文山區,266
1498,2022/7/8,士林區,205
1499,2022/7/8,內湖區,246
1500,2022/7/8,北投區,186
1501,2022/7/8,萬華區,118
1502,2022/7/8,中山區,260
1503,2022/7/8,信義區,181
1504,2022/7/8,大安區,233
1505,2022/7/8,松山區,165
1506,2022/7/8,大同區,148
1507,2022/7/8,南港區,127
1508,2022/7/8,中正區,109
1509,2022/7/7,全區,2492
1510,2022/7/7,文山區,275
1511,2022/7/7,士林區,234
1512,2022/7/7,北投區,237
1513,2022/7/7,內湖區,309
1514,2022/7/7,萬華區,161
1515,2022/7/7,中山區,244
1516,2022/7/7,信義區,222
1517,2022/7/7,大安區,197
1518,2022/7/7,松山區,219
1519,2022/7/7,大同區,135
1520,2022/7/7,南港區,134
1521,2022/7/7,中正區,125
1522,2022/7/6,全區,2576
1523,2022/7/6,文山區,282
1524,2022/7/6,士林區,271
1525,2022/7/6,北投區,260
1526,2022/7/6,內湖區,324
1527,2022/7/6,萬華區,145
1528,2022/7/6,中山區,238
1529,2022/7/6,信義區,242
1530,2022/7/6,大安區,255
1531,2022/7/6,松山區,213
1532,2022/7/6,大同區,115
1533,2022/7/6,南港區,110
1534,2022/7/6,中正區,121
1535,2022/7/5,全區,2738
1536,2022/7/5,文山區,307
1537,2022/7/5,士林區,281
1538,2022/7/5,北投區,244
1539,2022/7/5,內湖區,343
1540,2022/7/5,萬華區,165
1541,2022/7/5,中山區,280
1542,2022/7/5,信義區,233
1543,2022/7/5,大安區,264
1544,2022/7/5,松山區,197
1545,2022/7/5,大同區,152
1546,2022/7/5,南港區,147
1547,2022/7/5,中正區,125
1548,2022/7/4,全區,2691
1549,2022/7/4,文山區,273
1550,2022/7/4,士林區,259
1551,2022/7/4,北投區,275
1552,2022/7/4,內湖區,301
1553,2022/7/4,萬華區,162
1554,2022/7/4,中山區,259
1555,2022/7/4,信義區,263
1556,2022/7/4,大安區,287
1557,2022/7/4,松山區,210
1558,2022/7/4,大同區,105
1559,2022/7/4,南港區,139
1560,2022/7/4,中正區,158
1561,2022/7/3,全區,1720
1562,2022/7/3,文山區,188
1563,2022/7/3,士林區,189
1564,2022/7/3,北投區,198
1565,2022/7/3,內湖區,194
1566,2022/7/3,萬華區,110
1567,2022/7/3,中山區,177
1568,2022/7/3,信義區,133
1569,2022/7/3,大安區,147
1570,2022/7/3,松山區,106
1571,2022/7/3,大同區,95
1572,2022/7/3,南港區,101
1573,2022/7/3,中正區,82
1574,2022/7/2,全區,2419
1575,2022/7/2,文山區,229
1576,2022/7/2,士林區,277
1577,2022/7/2,北投區,262
1578,2022/7/2,內湖區,279
1579,2022/7/2,萬華區,172
1580,2022/7/2,中山區,244
1581,2022/7/2,信義區,205
1582,2022/7/2,大安區,224
1583,2022/7/2,松山區,185
1584,2022/7/2,大同區,113
1585,2022/7/2,南港區,127
1586,2022/7/2,中正區,102
1587,2022/7/1,全區,2336
1588,2022/7/1,文山區,242
1589,2022/7/1,士林區,242
1590,2022/7/1,北投區,204
1591,2022/7/1,內湖區,258
1592,2022/7/1,萬華區,162
1593,2022/7/1,中山區,260
1594,2022/7/1,信義區,197
1595,2022/7/1,大安區,214
1596,2022/7/1,松山區,192
1597,2022/7/1,大同區,123
1598,2022/7/1,南港區,116
1599,2022/7/1,中正區,126
1600,2022/6/30,全區,2495
1601,2022/6/30,文山區,237
1602,2022/6/30,士林區,256
1603,2022/6/30,北投區,222
1604,2022/6/30,內湖區,315
1605,2022/6/30,萬華區,183
1606,2022/6/30,信義區,218
1607,2022/6/30,中山區,215
1608,2022/6/30,大安區,256
1609,2022/6/30,松山區,162
1610,2022/6/30,大同區,135
1611,2022/6/30,南港區,145
1612,2022/6/30,中正區,151
1613,2022/6/29,全區,2771
1614,2022/6/29,文山區,300
1615,2022/6/29,士林區,273
1616,2022/6/29,北投區,260
1617,2022/6/29,內湖區,328
1618,2022/6/29,萬華區,191
1619,2022/6/29,信義區,250
1620,2022/6/29,中山區,310
1621,2022/6/29,大安區,231
1622,2022/6/29,松山區,199
1623,2022/6/29,大同區,125
1624,2022/6/29,南港區,151
1625,2022/6/29,中正區,153
1626,2022/6/28,全區,2982
1627,2022/6/28,文山區,317
1628,2022/6/28,士林區,314
1629,2022/6/28,北投區,322
1630,2022/6/28,內湖區,338
1631,2022/6/28,萬華區,179
1632,2022/6/28,信義區,241
1633,2022/6/28,中山區,302
1634,2022/6/28,大安區,266
1635,2022/6/28,松山區,216
1636,2022/6/28,大同區,165
1637,2022/6/28,南港區,152
1638,2022/6/28,中正區,170
1639,2022/6/27,全區,2748
1640,2022/6/27,文山區,262
1641,2022/6/27,士林區,287
1642,2022/6/27,北投區,296
1643,2022/6/27,內湖區,317
1644,2022/6/27,萬華區,192
1645,2022/6/27,信義區,247
1646,2022/6/27,中山區,305
1647,2022/6/27,大安區,266
1648,2022/6/27,松山區,214
1649,2022/6/27,大同區,86
1650,2022/6/27,南港區,122
1651,2022/6/27,中正區,154
1652,2022/6/26,全區,1830
1653,2022/6/26,文山區,221
1654,2022/6/26,士林區,154
1655,2022/6/26,北投區,184
1656,2022/6/26,內湖區,236
1657,2022/6/26,萬華區,136
1658,2022/6/26,信義區,180
1659,2022/6/26,中山區,183
1660,2022/6/26,大安區,156
1661,2022/6/26,松山區,87
1662,2022/6/26,大同區,76
1663,2022/6/26,南港區,106
1664,2022/6/26,中正區,111
1665,2022/6/25,全區,2429
1666,2022/6/25,士林區,238
1667,2022/6/25,文山區,226
1668,2022/6/25,北投區,249
1669,2022/6/25,內湖區,308
1670,2022/6/25,萬華區,176
1671,2022/6/25,信義區,192
1672,2022/6/25,中山區,243
1673,2022/6/25,大安區,246
1674,2022/6/25,松山區,169
1675,2022/6/25,大同區,118
1676,2022/6/25,南港區,118
1677,2022/6/25,中正區,146
1678,2022/6/24,全區,2467
1679,2022/6/24,文山區,262
1680,2022/6/24,士林區,250
1681,2022/6/24,北投區,275
1682,2022/6/24,內湖區,285
1683,2022/6/24,萬華區,182
1684,2022/6/24,信義區,203
1685,2022/6/24,中山區,262
1686,2022/6/24,大安區,236
1687,2022/6/24,松山區,159
1688,2022/6/24,大同區,104
1689,2022/6/24,南港區,129
1690,2022/6/24,中正區,120
1691,2022/6/23,全區,2849
1692,2022/6/23,士林區,289
1693,2022/6/23,文山區,301
1694,2022/6/23,北投區,254
1695,2022/6/23,內湖區,347
1696,2022/6/23,萬華區,163
1697,2022/6/23,信義區,264
1698,2022/6/23,中山區,288
1699,2022/6/23,大安區,294
1700,2022/6/23,松山區,209
1701,2022/6/23,大同區,132
1702,2022/6/23,南港區,149
1703,2022/6/23,中正區,159
1704,2022/6/22,全區,3073
1705,2022/6/22,士林區,327
1706,2022/6/22,文山區,288
1707,2022/6/22,北投區,311
1708,2022/6/22,內湖區,391
1709,2022/6/22,萬華區,190
1710,2022/6/22,信義區,304
1711,2022/6/22,中山區,331
1712,2022/6/22,大安區,268
1713,2022/6/22,松山區,206
1714,2022/6/22,大同區,130
1715,2022/6/22,南港區,140
1716,2022/6/22,中正區,187
1717,2022/6/21,全區,3179
1718,2022/6/21,文山區,314
1719,2022/6/21,士林區,315
1720,2022/6/21,北投區,313
1721,2022/6/21,內湖區,397
1722,2022/6/21,萬華區,189
1723,2022/6/21,信義區,314
1724,2022/6/21,中山區,308
1725,2022/6/21,大安區,273
1726,2022/6/21,松山區,226
1727,2022/6/21,大同區,167
1728,2022/6/21,南港區,190
1729,2022/6/21,中正區,173
1730,2022/6/20,全區,3166
1731,2022/6/20,文山區,333
1732,2022/6/20,士林區,321
1733,2022/6/20,北投區,360
1734,2022/6/20,內湖區,336
1735,2022/6/20,萬華區,196
1736,2022/6/20,信義區,313
1737,2022/6/20,中山區,299
1738,2022/6/20,大安區,308
1739,2022/6/20,松山區,208
1740,2022/6/20,大同區,125
1741,2022/6/20,南港區,169
1742,2022/6/20,中正區,198
1743,2022/6/19,全區,2151
1744,2022/6/19,文山區,217
1745,2022/6/19,士林區,212
1746,2022/6/19,北投區,248
1747,2022/6/19,內湖區,238
1748,2022/6/19,萬華區,138
1749,2022/6/19,信義區,218
1750,2022/6/19,中山區,214
1751,2022/6/19,大安區,185
1752,2022/6/19,松山區,128
1753,2022/6/19,大同區,98
1754,2022/6/19,南港區,135
1755,2022/6/19,中正區,120
1756,2022/6/18,全區,2914
1757,2022/6/18,文山區,332
1758,2022/6/18,士林區,366
1759,2022/6/18,北投區,271
1760,2022/6/18,內湖區,342
1761,2022/6/18,萬華區,176
1762,2022/6/18,信義區,238
1763,2022/6/18,中山區,279
1764,2022/6/18,大安區,241
1765,2022/6/18,松山區,195
1766,2022/6/18,大同區,163
1767,2022/6/18,南港區,139
1768,2022/6/18,中正區,172
1769,2022/6/17,全區,3021
1770,2022/6/17,文山區,310
1771,2022/6/17,士林區,319
1772,2022/6/17,北投區,309
1773,2022/6/17,內湖區,350
1774,2022/6/17,萬華區,186
1775,2022/6/17,信義區,283
1776,2022/6/17,中山區,268
1777,2022/6/17,大安區,304
1778,2022/6/17,松山區,237
1779,2022/6/17,大同區,154
1780,2022/6/17,南港區,162
1781,2022/6/17,中正區,139
1782,2022/6/16,全區,3174
1783,2022/6/16,文山區,325
1784,2022/6/16,士林區,286
1785,2022/6/16,北投區,283
1786,2022/6/16,內湖區,380
1787,2022/6/16,萬華區,185
1788,2022/6/16,信義區,338
1789,2022/6/16,中山區,313
1790,2022/6/16,大安區,272
1791,2022/6/16,松山區,234
1792,2022/6/16,大同區,177
1793,2022/6/16,南港區,187
1794,2022/6/16,中正區,194
1795,2022/6/15,全區,3450
1796,2022/6/15,文山區,352
1797,2022/6/15,北投區,335
1798,2022/6/15,士林區,348
1799,2022/6/15,內湖區,372
1800,2022/6/15,萬華區,161
1801,2022/6/15,信義區,379
1802,2022/6/15,中山區,337
1803,2022/6/15,大安區,289
1804,2022/6/15,松山區,313
1805,2022/6/15,大同區,203
1806,2022/6/15,南港區,192
1807,2022/6/15,中正區,169
1808,2022/6/14,全區,3791
1809,2022/6/14,北投區,372
1810,2022/6/14,文山區,393
1811,2022/6/14,士林區,422
1812,2022/6/14,內湖區,461
1813,2022/6/14,萬華區,223
1814,2022/6/14,信義區,390
1815,2022/6/14,中山區,388
1816,2022/6/14,大安區,300
1817,2022/6/14,松山區,276
1818,2022/6/14,大同區,179
1819,2022/6/14,南港區,183
1820,2022/6/14,中正區,204
1821,2022/6/13,全區,3520
1822,2022/6/13,北投區,391
1823,2022/6/13,文山區,357
1824,2022/6/13,士林區,347
1825,2022/6/13,萬華區,223
1826,2022/6/13,內湖區,365
1827,2022/6/13,信義區,329
1828,2022/6/13,中山區,330
1829,2022/6/13,大安區,325
1830,2022/6/13,松山區,266
1831,2022/6/13,大同區,183
1832,2022/6/13,南港區,215
1833,2022/6/13,中正區,189
1834,2022/6/12,全區,2674
1835,2022/6/12,文山區,317
1836,2022/6/12,北投區,304
1837,2022/6/12,士林區,260
1838,2022/6/12,萬華區,208
1839,2022/6/12,內湖區,297
1840,2022/6/12,信義區,259
1841,2022/6/12,中山區,259
1842,2022/6/12,大安區,229
1843,2022/6/12,松山區,167
1844,2022/6/12,大同區,137
1845,2022/6/12,南港區,113
1846,2022/6/12,中正區,124
1847,2022/6/11,全區,4327
1848,2022/6/11,士林區,475
1849,2022/6/11,北投區,394
1850,2022/6/11,文山區,446
1851,2022/6/11,萬華區,236
1852,2022/6/11,內湖區,527
1853,2022/6/11,信義區,458
1854,2022/6/11,中山區,406
1855,2022/6/11,大安區,453
1856,2022/6/11,松山區,333
1857,2022/6/11,大同區,205
1858,2022/6/11,南港區,207
1859,2022/6/11,中正區,187
1860,2022/6/10,全區,3310
1861,2022/6/10,北投區,333
1862,2022/6/10,士林區,281
1863,2022/6/10,文山區,362
1864,2022/6/10,萬華區,277
1865,2022/6/10,內湖區,397
1866,2022/6/10,信義區,343
1867,2022/6/10,中山區,290
1868,2022/6/10,大安區,297
1869,2022/6/10,松山區,211
1870,2022/6/10,大同區,175
1871,2022/6/10,南港區,188
1872,2022/6/10,中正區,156
1873,2022/6/9,全區,4202
1874,2022/6/9,北投區,439
1875,2022/6/9,士林區,396
1876,2022/6/9,文山區,459
1877,2022/6/9,萬華區,291
1878,2022/6/9,內湖區,443
1879,2022/6/9,信義區,414
1880,2022/6/9,中山區,409
1881,2022/6/9,大安區,369
1882,2022/6/9,松山區,328
1883,2022/6/9,大同區,225
1884,2022/6/9,南港區,223
1885,2022/6/9,中正區,206
1886,2022/6/8,全區,4313
1887,2022/6/8,士林區,411
1888,2022/6/8,北投區,476
1889,2022/6/8,文山區,396
1890,2022/6/8,萬華區,316
1891,2022/6/8,內湖區,536
1892,2022/6/8,信義區,472
1893,2022/6/8,中山區,400
1894,2022/6/8,大安區,419
1895,2022/6/8,松山區,265
1896,2022/6/8,大同區,209
1897,2022/6/8,南港區,205
1898,2022/6/8,中正區,208
1899,2022/6/7,全區,4694
1900,2022/6/7,士林區,477
1901,2022/6/7,北投區,522
1902,2022/6/7,文山區,455
1903,2022/6/7,萬華區,325
1904,2022/6/7,內湖區,546
1905,2022/6/7,信義區,498
1906,2022/6/7,中山區,419
1907,2022/6/7,大安區,370
1908,2022/6/7,松山區,350
1909,2022/6/7,大同區,257
1910,2022/6/7,南港區,261
1911,2022/6/7,中正區,214
1912,2022/6/6,全區,5020
1913,2022/6/6,士林區,554
1914,2022/6/6,文山區,497
1915,2022/6/6,北投區,591
1916,2022/6/6,萬華區,349
1917,2022/6/6,內湖區,527
1918,2022/6/6,信義區,558
1919,2022/6/6,中山區,465
1920,2022/6/6,大安區,407
1921,2022/6/6,松山區,362
1922,2022/6/6,大同區,210
1923,2022/6/6,南港區,277
1924,2022/6/6,中正區,223
1925,2022/6/5,全區,3196
1926,2022/6/5,士林區,380
1927,2022/6/5,萬華區,269
1928,2022/6/5,文山區,303
1929,2022/6/5,北投區,337
1930,2022/6/5,內湖區,430
1931,2022/6/5,中山區,254
1932,2022/6/5,信義區,321
1933,2022/6/5,大安區,218
1934,2022/6/5,松山區,197
1935,2022/6/5,大同區,155
1936,2022/6/5,南港區,201
1937,2022/6/5,中正區,131
1938,2022/6/4,全區,3780
1939,2022/6/4,萬華區,245
1940,2022/6/4,文山區,401
1941,2022/6/4,士林區,390
1942,2022/6/4,北投區,465
1943,2022/6/4,內湖區,318
1944,2022/6/4,中山區,385
1945,2022/6/4,信義區,392
1946,2022/6/4,大安區,359
1947,2022/6/4,松山區,278
1948,2022/6/4,大同區,210
1949,2022/6/4,南港區,186
1950,2022/6/4,中正區,151
1951,2022/6/3,全區,4467
1952,2022/6/3,萬華區,304
1953,2022/6/3,文山區,437
1954,2022/6/3,士林區,458
1955,2022/6/3,北投區,474
1956,2022/6/3,內湖區,589
1957,2022/6/3,中山區,368
1958,2022/6/3,信義區,452
1959,2022/6/3,大安區,340
1960,2022/6/3,松山區,349
1961,2022/6/3,大同區,229
1962,2022/6/3,南港區,278
1963,2022/6/3,中正區,189
1964,2022/6/2,全區,5248
1965,2022/6/2,萬華區,388
1966,2022/6/2,文山區,485
1967,2022/6/2,士林區,603
1968,2022/6/2,北投區,526
1969,2022/6/2,內湖區,630
1970,2022/6/2,中山區,475
1971,2022/6/2,信義區,490
1972,2022/6/2,大安區,459
1973,2022/6/2,松山區,385
1974,2022/6/2,大同區,289
1975,2022/6/2,南港區,281
1976,2022/6/2,中正區,237
1977,2022/6/1,全區,5457
1978,2022/6/1,萬華區,385
1979,2022/6/1,文山區,554
1980,2022/6/1,士林區,581
1981,2022/6/1,北投區,540
1982,2022/6/1,內湖區,648
1983,2022/6/1,中山區,494
1984,2022/6/1,信義區,561
1985,2022/6/1,大安區,462
1986,2022/6/1,松山區,358
1987,2022/6/1,大同區,313
1988,2022/6/1,南港區,304
1989,2022/6/1,中正區,257
1990,2022/5/31,全區,6656
1991,2022/5/31,萬華區,364
1992,2022/5/31,文山區,574
1993,2022/5/31,士林區,801
1994,2022/5/31,北投區,707
1995,2022/5/31,內湖區,789
1996,2022/5/31,中山區,641
1997,2022/5/31,信義區,659
1998,2022/5/31,大安區,562
1999,2022/5/31,松山區,543
2000,2022/5/31,大同區,392
2001,2022/5/31,南港區,352
2002,2022/5/31,中正區,272
2003,2022/5/30,全區,5956
2004,2022/5/30,萬華區,416
2005,2022/5/30,文山區,643
2006,2022/5/30,士林區,625
2007,2022/5/30,北投區,633
2008,2022/5/30,內湖區,682
2009,2022/5/30,中山區,510
2010,2022/5/30,信義區,598
2011,2022/5/30,大安區,507
2012,2022/5/30,松山區,467
2013,2022/5/30,大同區,268
2014,2022/5/30,南港區,351
2015,2022/5/30,中正區,256
2016,2022/5/29,全區,5031
2017,2022/5/29,萬華區,420
2018,2022/5/29,文山區,487
2019,2022/5/29,士林區,597
2020,2022/5/29,北投區,540
2021,2022/5/29,內湖區,539
2022,2022/5/29,中山區,432
2023,2022/5/29,信義區,476
2024,2022/5/29,大安區,412
2025,2022/5/29,松山區,321
2026,2022/5/29,大同區,242
2027,2022/5/29,南港區,296
2028,2022/5/29,中正區,269
2029,2022/5/28,全區,6645
2030,2022/5/28,萬華區,476
2031,2022/5/28,文山區,674
2032,2022/5/28,北投區,718
2033,2022/5/28,士林區,749
2034,2022/5/28,內湖區,754
2035,2022/5/28,中山區,586
2036,2022/5/28,信義區,650
2037,2022/5/28,大安區,581
2038,2022/5/28,松山區,467
2039,2022/5/28,大同區,302
2040,2022/5/28,南港區,394
2041,2022/5/28,中正區,294
2042,2022/5/27,全區,7240
2043,2022/5/27,萬華區,630
2044,2022/5/27,文山區,592
2045,2022/5/27,北投區,829
2046,2022/5/27,士林區,710
2047,2022/5/27,內湖區,884
2048,2022/5/27,中山區,653
2049,2022/5/27,信義區,649
2050,2022/5/27,大安區,628
2051,2022/5/27,松山區,492
2052,2022/5/27,大同區,427
2053,2022/5/27,南港區,443
2054,2022/5/27,中正區,303
2055,2022/5/26,全區,8467
2056,2022/5/26,萬華區,633
2057,2022/5/26,文山區,856
2058,2022/5/26,士林區,769
2059,2022/5/26,北投區,736
2060,2022/5/26,內湖區,1072
2061,2022/5/26,中山區,819
2062,2022/5/26,信義區,860
2063,2022/5/26,大安區,720
2064,2022/5/26,松山區,662
2065,2022/5/26,大同區,412
2066,2022/5/26,南港區,562
2067,2022/5/26,中正區,366
2068,2022/5/25,全區,8238
2069,2022/5/25,萬華區,660
2070,2022/5/25,文山區,934
2071,2022/5/25,士林區,764
2072,2022/5/25,北投區,852
2073,2022/5/25,內湖區,1086
2074,2022/5/25,中山區,768
2075,2022/5/25,信義區,727
2076,2022/5/25,大安區,629
2077,2022/5/25,松山區,546
2078,2022/5/25,大同區,429
2079,2022/5/25,南港區,477
2080,2022/5/25,中正區,366
2081,2022/5/24,全區,8206
2082,2022/5/24,萬華區,681
2083,2022/5/24,文山區,928
2084,2022/5/24,士林區,969
2085,2022/5/24,北投區,829
2086,2022/5/24,內湖區,953
2087,2022/5/24,中山區,678
2088,2022/5/24,信義區,649
2089,2022/5/24,大安區,697
2090,2022/5/24,松山區,586
2091,2022/5/24,大同區,431
2092,2022/5/24,南港區,408
2093,2022/5/24,中正區,397
2094,2022/5/23,全區,7925
2095,2022/5/23,萬華區,705
2096,2022/5/23,文山區,707
2097,2022/5/23,北投區,966
2098,2022/5/23,士林區,970
2099,2022/5/23,內湖區,667
2100,2022/5/23,中山區,531
2101,2022/5/23,信義區,998
2102,2022/5/23,大安區,706
2103,2022/5/23,松山區,436
2104,2022/5/23,大同區,372
2105,2022/5/23,南港區,502
2106,2022/5/23,中正區,365
2107,2022/5/22,全區,6630
2108,2022/5/22,萬華區,589
2109,2022/5/22,文山區,684
2110,2022/5/22,北投區,603
2111,2022/5/22,士林區,689
2112,2022/5/22,內湖區,723
2113,2022/5/22,中山區,600
2114,2022/5/22,信義區,621
2115,2022/5/22,大安區,535
2116,2022/5/22,松山區,455
2117,2022/5/22,大同區,381
2118,2022/5/22,南港區,421
2119,2022/5/22,中正區,329
2120,2022/5/21,全區,8907
2121,2022/5/21,萬華區,835
2122,2022/5/21,文山區,917
2123,2022/5/21,北投區,1003
2124,2022/5/21,士林區,798
2125,2022/5/21,內湖區,952
2126,2022/5/21,中山區,768
2127,2022/5/21,信義區,825
2128,2022/5/21,大安區,731
2129,2022/5/21,松山區,637
2130,2022/5/21,大同區,490
2131,2022/5/21,南港區,522
2132,2022/5/21,中正區,429
2133,2022/5/20,全區,9829
2134,2022/5/20,萬華區,1018
2135,2022/5/20,文山區,962
2136,2022/5/20,士林區,1226
2137,2022/5/20,北投區,1072
2138,2022/5/20,內湖區,939
2139,2022/5/20,中山區,782
2140,2022/5/20,信義區,937
2141,2022/5/20,大安區,805
2142,2022/5/20,松山區,696
2143,2022/5/20,大同區,431
2144,2022/5/20,南港區,524
2145,2022/5/20,中正區,437
2146,2022/5/19,全區,10338
2147,2022/5/19,萬華區,906
2148,2022/5/19,文山區,976
2149,2022/5/19,北投區,1163
2150,2022/5/19,士林區,1182
2151,2022/5/19,內湖區,1119
2152,2022/5/19,中山區,898
2153,2022/5/19,信義區,925
2154,2022/5/19,大安區,821
2155,2022/5/19,松山區,701
2156,2022/5/19,大同區,621
2157,2022/5/19,南港區,583
2158,2022/5/19,中正區,443
2159,2022/5/18,全區,11246
2160,2022/5/18,萬華區,898
2161,2022/5/18,文山區,1164
2162,2022/5/18,北投區,1260
2163,2022/5/18,士林區,1231
2164,2022/5/18,中山區,1073
2165,2022/5/18,內湖區,1304
2166,2022/5/18,大安區,937
2167,2022/5/18,信義區,949
2168,2022/5/18,松山區,712
2169,2022/5/18,大同區,542
2170,2022/5/18,南港區,598
2171,2022/5/18,中正區,578
2172,2022/5/17,全區,10959
2173,2022/5/17,萬華區,1086
2174,2022/5/17,文山區,1201
2175,2022/5/17,北投區,1283
2176,2022/5/17,士林區,1166
2177,2022/5/17,中山區,919
2178,2022/5/17,內湖區,1082
2179,2022/5/17,大安區,875
2180,2022/5/17,信義區,968
2181,2022/5/17,松山區,651
2182,2022/5/17,大同區,599
2183,2022/5/17,南港區,597
2184,2022/5/17,中正區,532
2185,2022/5/16,全區,9082
2186,2022/5/16,萬華區,1025
2187,2022/5/16,文山區,895
2188,2022/5/16,士林區,1036
2189,2022/5/16,北投區,1132
2190,2022/5/16,中山區,782
2191,2022/5/16,內湖區,728
2192,2022/5/16,大安區,765
2193,2022/5/16,信義區,775
2194,2022/5/16,松山區,559
2195,2022/5/16,大同區,462
2196,2022/5/16,南港區,497
2197,2022/5/16,中正區,426
2198,2022/5/15,全區,8624
2199,2022/5/15,萬華區,709
2200,2022/5/15,文山區,819
2201,2022/5/15,士林區,1024
2202,2022/5/15,北投區,1020
2203,2022/5/15,中山區,755
2204,2022/5/15,內湖區,878
2205,2022/5/15,大安區,689
2206,2022/5/15,信義區,795
2207,2022/5/15,松山區,559
2208,2022/5/15,大同區,563
2209,2022/5/15,中正區,346
2210,2022/5/15,南港區,467
2211,2022/5/14,全區,10832
2212,2022/5/14,萬華區,1352
2213,2022/5/14,文山區,1023
2214,2022/5/14,士林區,1238
2215,2022/5/14,北投區,1105
2216,2022/5/14,中山區,978
2217,2022/5/14,內湖區,1066
2218,2022/5/14,大安區,777
2219,2022/5/14,信義區,864
2220,2022/5/14,松山區,602
2221,2022/5/14,大同區,694
2222,2022/5/14,中正區,568
2223,2022/5/14,南港區,565
2224,2022/5/13,全區,8869
2225,2022/5/13,萬華區,909
2226,2022/5/13,文山區,938
2227,2022/5/13,士林區,796
2228,2022/5/13,北投區,1060
2229,2022/5/13,中山區,807
2230,2022/5/13,大安區,769
2231,2022/5/13,內湖區,934
2232,2022/5/13,信義區,734
2233,2022/5/13,松山區,641
2234,2022/5/13,大同區,476
2235,2022/5/13,中正區,381
2236,2022/5/13,南港區,424
2237,2022/5/12,全區,10887
2238,2022/5/12,萬華區,991
2239,2022/5/12,文山區,1399
2240,2022/5/12,士林區,1170
2241,2022/5/12,北投區,1307
2242,2022/5/12,中山區,901
2243,2022/5/12,大安區,887
2244,2022/5/12,內湖區,1094
2245,2022/5/12,信義區,925
2246,2022/5/12,松山區,560
2247,2022/5/12,大同區,650
2248,2022/5/12,中正區,452
2249,2022/5/12,南港區,551
2250,2022/5/11,全區,9819
2251,2022/5/11,萬華區,1090
2252,2022/5/11,文山區,931
2253,2022/5/11,士林區,1073
2254,2022/5/11,北投區,992
2255,2022/5/11,中山區,873
2256,2022/5/11,大安區,743
2257,2022/5/11,信義區,878
2258,2022/5/11,內湖區,1042
2259,2022/5/11,松山區,607
2260,2022/5/11,大同區,648
2261,2022/5/11,中正區,446
2262,2022/5/11,南港區,496
2263,2022/5/10,全區,9418
2264,2022/5/10,萬華區,889
2265,2022/5/10,文山區,953
2266,2022/5/10,士林區,1107
2267,2022/5/10,北投區,1161
2268,2022/5/10,中山區,929
2269,2022/5/10,大安區,781
2270,2022/5/10,信義區,751
2271,2022/5/10,內湖區,872
2272,2022/5/10,松山區,635
2273,2022/5/10,大同區,562
2274,2022/5/10,中正區,392
2275,2022/5/10,南港區,386
2276,2022/5/9,全區,7751
2277,2022/5/9,萬華區,1077
2278,2022/5/9,文山區,942
2279,2022/5/9,士林區,694
2280,2022/5/9,中山區,605
2281,2022/5/9,北投區,803
2282,2022/5/9,大安區,670
2283,2022/5/9,信義區,766
2284,2022/5/9,內湖區,598
2285,2022/5/9,松山區,396
2286,2022/5/9,大同區,378
2287,2022/5/9,中正區,417
2288,2022/5/9,南港區,405
2289,2022/5/8,全區,6439
2290,2022/5/8,萬華區,927
2291,2022/5/8,文山區,853
2292,2022/5/8,士林區,543
2293,2022/5/8,中山區,545
2294,2022/5/8,大安區,540
2295,2022/5/8,北投區,624
2296,2022/5/8,信義區,490
2297,2022/5/8,內湖區,558
2298,2022/5/8,松山區,449
2299,2022/5/8,大同區,338
2300,2022/5/8,中正區,304
2301,2022/5/8,南港區,268
2302,2022/5/7,全區,7478
2303,2022/5/7,萬華區,977
2304,2022/5/7,文山區,854
2305,2022/5/7,士林區,746
2306,2022/5/7,中山區,748
2307,2022/5/7,大安區,579
2308,2022/5/7,北投區,680
2309,2022/5/7,信義區,614
2310,2022/5/7,內湖區,707
2311,2022/5/7,松山區,451
2312,2022/5/7,大同區,437
2313,2022/5/7,中正區,340
2314,2022/5/7,南港區,345
2315,2022/5/6,全區,8171
2316,2022/5/6,萬華區,973
2317,2022/5/6,文山區,988
2318,2022/5/6,士林區,953
2319,2022/5/6,中山區,744
2320,2022/5/6,大安區,714
2321,2022/5/6,北投區,876
2322,2022/5/6,信義區,644
2323,2022/5/6,內湖區,663
2324,2022/5/6,松山區,529
2325,2022/5/6,大同區,368
2326,2022/5/6,中正區,396
2327,2022/5/6,南港區,323
2328,2022/5/5,全區,7295
2329,2022/5/5,萬華區,940
2330,2022/5/5,文山區,858
2331,2022/5/5,中山區,663
2332,2022/5/5,士林區,682
2333,2022/5/5,大安區,654
2334,2022/5/5,北投區,626
2335,2022/5/5,信義區,652
2336,2022/5/5,內湖區,624
2337,2022/5/5,松山區,534
2338,2022/5/5,大同區,385
2339,2022/5/5,中正區,327
2340,2022/5/5,南港區,350
2341,2022/5/4,全區,6036
2342,2022/5/4,萬華區,685
2343,2022/5/4,文山區,781
2344,2022/5/4,中山區,458
2345,2022/5/4,士林區,676
2346,2022/5/4,大安區,568
2347,2022/5/4,北投區,630
2348,2022/5/4,信義區,492
2349,2022/5/4,內湖區,526
2350,2022/5/4,松山區,369
2351,2022/5/4,大同區,212
2352,2022/5/4,中正區,318
2353,2022/5/4,南港區,321
2354,2022/5/3,全區,5097
2355,2022/5/3,萬華區,621
2356,2022/5/3,文山區,660
2357,2022/5/3,中山區,538
2358,2022/5/3,大安區,448
2359,2022/5/3,士林區,443
2360,2022/5/3,北投區,478
2361,2022/5/3,信義區,444
2362,2022/5/3,內湖區,324
2363,2022/5/3,松山區,322
2364,2022/5/3,大同區,367
2365,2022/5/3,中正區,205
2366,2022/5/3,南港區,247
2367,2022/5/2,全區,4412
2368,2022/5/2,萬華區,765
2369,2022/5/2,文山區,555
2370,2022/5/2,中山區,383
2371,2022/5/2,大安區,342
2372,2022/5/2,士林區,424
2373,2022/5/2,北投區,379
2374,2022/5/2,信義區,310
2375,2022/5/2,內湖區,328
2376,2022/5/2,松山區,254
2377,2022/5/2,大同區,216
2378,2022/5/2,中正區,279
2379,2022/5/2,南港區,177
2380,2022/5/1,全區,3459
2381,2022/5/1,萬華區,351
2382,2022/5/1,中山區,314
2383,2022/5/1,文山區,408
2384,2022/5/1,大安區,439
2385,2022/5/1,士林區,348
2386,2022/5/1,信義區,291
2387,2022/5/1,北投區,322
2388,2022/5/1,內湖區,331
2389,2022/5/1,松山區,201
2390,2022/5/1,大同區,167
2391,2022/5/1,中正區,113
2392,2022/5/1,南港區,174
2393,2022/4/30,全區,3981
2394,2022/4/30,萬華區,728
2395,2022/4/30,中山區,378
2396,2022/4/30,文山區,518
2397,2022/4/30,大安區,305
2398,2022/4/30,士林區,364
2399,2022/4/30,信義區,223
2400,2022/4/30,北投區,427
2401,2022/4/30,內湖區,283
2402,2022/4/30,松山區,190
2403,2022/4/30,大同區,190
2404,2022/4/30,中正區,209
2405,2022/4/30,南港區,166
2406,2022/4/29,全區,3002
2407,2022/4/29,萬華區,369
2408,2022/4/29,中山區,310
2409,2022/4/29,大安區,303
2410,2022/4/29,文山區,359
2411,2022/4/29,士林區,298
2412,2022/4/29,信義區,239
2413,2022/4/29,北投區,219
2414,2022/4/29,內湖區,259
2415,2022/4/29,松山區,191
2416,2022/4/29,大同區,153
2417,2022/4/29,中正區,152
2418,2022/4/29,南港區,150
2419,2022/4/28,全區,2571
2420,2022/4/28,萬華區,304
2421,2022/4/28,中山區,299
2422,2022/4/28,大安區,250
2423,2022/4/28,文山區,265
2424,2022/4/28,士林區,243
2425,2022/4/28,信義區,213
2426,2022/4/28,北投區,217
2427,2022/4/28,內湖區,201
2428,2022/4/28,大同區,134
2429,2022/4/28,松山區,162
2430,2022/4/28,中正區,111
2431,2022/4/28,南港區,172
2432,2022/4/27,全區,2336
2433,2022/4/27,萬華區,393
2434,2022/4/27,中山區,274
2435,2022/4/27,大安區,239
2436,2022/4/27,信義區,189
2437,2022/4/27,士林區,166
2438,2022/4/27,文山區,198
2439,2022/4/27,北投區,151
2440,2022/4/27,內湖區,198
2441,2022/4/27,大同區,141
2442,2022/4/27,松山區,135
2443,2022/4/27,中正區,127
2444,2022/4/27,南港區,125
2445,2022/4/26,全區,1811
2446,2022/4/26,萬華區,273
2447,2022/4/26,中山區,150
2448,2022/4/26,大安區,182
2449,2022/4/26,信義區,194
2450,2022/4/26,士林區,135
2451,2022/4/26,文山區,201
2452,2022/4/26,北投區,144
2453,2022/4/26,內湖區,125
2454,2022/4/26,大同區,92
2455,2022/4/26,松山區,155
2456,2022/4/26,中正區,90
2457,2022/4/26,南港區,70
2458,2022/4/25,全區,1472
2459,2022/4/25,萬華區,189
2460,2022/4/25,中山區,124
2461,2022/4/25,士林區,165
2462,2022/4/25,大安區,134
2463,2022/4/25,信義區,162
2464,2022/4/25,文山區,129
2465,2022/4/25,北投區,126
2466,2022/4/25,內湖區,115
2467,2022/4/25,大同區,73
2468,2022/4/25,松山區,110
2469,2022/4/25,中正區,86
2470,2022/4/25,南港區,59
2471,2022/4/24,全區,999
2472,2022/4/24,萬華區,132
2473,2022/4/24,中山區,109
2474,2022/4/24,大安區,116
2475,2022/4/24,士林區,96
2476,2022/4/24,信義區,92
2477,2022/4/24,文山區,93
2478,2022/4/24,北投區,66
2479,2022/4/24,大同區,55
2480,2022/4/24,內湖區,79
2481,2022/4/24,中正區,56
2482,2022/4/24,松山區,79
2483,2022/4/24,南港區,26
2484,2022/4/23,全區,980
2485,2022/4/23,萬華區,115
2486,2022/4/23,中山區,91
2487,2022/4/23,士林區,105
2488,2022/4/23,大安區,96
2489,2022/4/23,信義區,101
2490,2022/4/23,文山區,94
2491,2022/4/23,北投區,79
2492,2022/4/23,大同區,65
2493,2022/4/23,內湖區,87
2494,2022/4/23,中正區,49
2495,2022/4/23,松山區,59
2496,2022/4/23,南港區,39
2497,2022/4/22,全區,831
2498,2022/4/22,萬華區,67
2499,2022/4/22,中山區,116
2500,2022/4/22,大安區,103
2501,2022/4/22,士林區,57
2502,2022/4/22,信義區,100
2503,2022/4/22,文山區,85
2504,2022/4/22,北投區,60
2505,2022/4/22,大同區,70
2506,2022/4/22,內湖區,60
2507,2022/4/22,中正區,42
2508,2022/4/22,松山區,49
2509,2022/4/22,南港區,22
2510,2022/4/21,全區,753
2511,2022/4/21,萬華區,77
2512,2022/4/21,中山區,92
2513,2022/4/21,士林區,68
2514,2022/4/21,大安區,91
2515,2022/4/21,文山區,53
2516,2022/4/21,信義區,93
2517,2022/4/21,北投區,57
2518,2022/4/21,大同區,38
2519,2022/4/21,內湖區,50
2520,2022/4/21,中正區,52
2521,2022/4/21,松山區,50
2522,2022/4/21,南港區,32
2523,2022/4/20,全區,618
2524,2022/4/20,萬華區,56
2525,2022/4/20,中山區,61
2526,2022/4/20,士林區,63
2527,2022/4/20,大安區,65
2528,2022/4/20,文山區,52
2529,2022/4/20,信義區,68
2530,2022/4/20,北投區,56
2531,2022/4/20,大同區,55
2532,2022/4/20,內湖區,48
2533,2022/4/20,中正區,23
2534,2022/4/20,松山區,38
2535,2022/4/20,南港區,33
2536,2022/4/19,全區,399
2537,2022/4/19,萬華區,13
2538,2022/4/19,中山區,73
2539,2022/4/19,士林區,46
2540,2022/4/19,文山區,29
2541,2022/4/19,大安區,43
2542,2022/4/19,信義區,36
2543,2022/4/19,北投區,37
2544,2022/4/19,大同區,31
2545,2022/4/19,內湖區,30
2546,2022/4/19,中正區,26
2547,2022/4/19,松山區,19
2548,2022/4/19,南港區,16
2549,2022/4/18,全區,284
2550,2022/4/18,萬華區,19
2551,2022/4/18,中山區,33
2552,2022/4/18,士林區,25
2553,2022/4/18,文山區,18
2554,2022/4/18,大安區,34
2555,2022/4/18,信義區,24
2556,2022/4/18,北投區,26
2557,2022/4/18,大同區,12
2558,2022/4/18,內湖區,40
2559,2022/4/18,中正區,15
2560,2022/4/18,松山區,21
2561,2022/4/18,南港區,17
2562,2022/4/17,全區,246
2563,2022/4/17,萬華區,26
2564,2022/4/17,中山區,42
2565,2022/4/17,士林區,16
2566,2022/4/17,文山區,23
2567,2022/4/17,大安區,19
2568,2022/4/17,信義區,24
2569,2022/4/17,大同區,14
2570,2022/4/17,北投區,13
2571,2022/4/17,中正區,11
2572,2022/4/17,內湖區,24
2573,2022/4/17,松山區,16
2574,2022/4/17,南港區,18
2575,2022/4/16,全區,222
2576,2022/4/16,萬華區,12
2577,2022/4/16,中山區,28
2578,2022/4/16,士林區,22
2579,2022/4/16,文山區,22
2580,2022/4/16,大安區,26
2581,2022/4/16,信義區,17
2582,2022/4/16,大同區,19
2583,2022/4/16,北投區,16
2584,2022/4/16,中正區,11
2585,2022/4/16,內湖區,27
2586,2022/4/16,松山區,12
2587,2022/4/16,南港區,10
2588,2022/4/15,全區,185
2589,2022/4/15,萬華區,18
2590,2022/4/15,中山區,28
2591,2022/4/15,士林區,11
2592,2022/4/15,文山區,24
2593,2022/4/15,大安區,19
2594,2022/4/15,信義區,21
2595,2022/4/15,大同區,19
2596,2022/4/15,北投區,14
2597,2022/4/15,中正區,10
2598,2022/4/15,內湖區,11
2599,2022/4/15,松山區,6
2600,2022/4/15,南港區,4
2601,2022/4/14,全區,145
2602,2022/4/14,萬華區,11
2603,2022/4/14,中山區,23
2604,2022/4/14,士林區,15
2605,2022/4/14,文山區,15
2606,2022/4/14,大安區,15
2607,2022/4/14,信義區,10
2608,2022/4/14,大同區,4
2609,2022/4/14,北投區,10
2610,2022/4/14,中正區,8
2611,2022/4/14,內湖區,18
2612,2022/4/14,松山區,13
2613,2022/4/14,南港區,3
2614,2022/4/13,全區,147
2615,2022/4/13,萬華區,13
2616,2022/4/13,士林區,10
2617,2022/4/13,中山區,24
2618,2022/4/13,文山區,9
2619,2022/4/13,大安區,19
2620,2022/4/13,信義區,13
2621,2022/4/13,大同區,12
2622,2022/4/13,北投區,15
2623,2022/4/13,中正區,6
2624,2022/4/13,內湖區,12
2625,2022/4/13,松山區,11
2626,2022/4/13,南港區,3
2627,2022/4/12,全區,142
2628,2022/4/12,萬華區,18
2629,2022/4/12,士林區,8
2630,2022/4/12,中山區,26
2631,2022/4/12,大安區,18
2632,2022/4/12,信義區,15
2633,2022/4/12,大同區,7
2634,2022/4/12,北投區,20
2635,2022/4/12,中正區,4
2636,2022/4/12,內湖區,8
2637,2022/4/12,松山區,12
2638,2022/4/12,南港區,6
2639,2022/4/11,全區,101
2640,2022/4/11,萬華區,6
2641,2022/4/11,士林區,4
2642,2022/4/11,中山區,29
2643,2022/4/11,文山區,7
2644,2022/4/11,大安區,9
2645,2022/4/11,大同區,7
2646,2022/4/11,信義區,10
2647,2022/4/11,北投區,6
2648,2022/4/11,中正區,5
2649,2022/4/11,內湖區,7
2650,2022/4/11,松山區,5
2651,2022/4/11,南港區,6
2652,2022/4/10,全區,97
2653,2022/4/10,萬華區,12
2654,2022/4/10,士林區,7
2655,2022/4/10,文山區,4
2656,2022/4/10,中山區,23
2657,2022/4/10,大安區,9
2658,2022/4/10,大同區,10
2659,2022/4/10,信義區,5
2660,2022/4/10,北投區,12
2661,2022/4/10,中正區,1
2662,2022/4/10,內湖區,4
2663,2022/4/10,松山區,6
2664,2022/4/10,南港區,4
2665,2022/4/9,全區,67
2666,2022/4/9,萬華區,11
2667,2022/4/9,士林區,6
2668,2022/4/9,文山區,2
2669,2022/4/9,中山區,8
2670,2022/4/9,大安區,7
2671,2022/4/9,大同區,3
2672,2022/4/9,信義區,6
2673,2022/4/9,中正區,4
2674,2022/4/9,北投區,10
2675,2022/4/9,內湖區,4
2676,2022/4/9,松山區,3
2677,2022/4/9,南港區,3
2678,2022/4/8,全區,74
2679,2022/4/8,萬華區,5
2680,2022/4/8,士林區,5
2681,2022/4/8,文山區,3
2682,2022/4/8,中山區,23
2683,2022/4/8,大安區,7
2684,2022/4/8,大同區,2
2685,2022/4/8,信義區,4
2686,2022/4/8,中正區,3
2687,2022/4/8,北投區,10
2688,2022/4/8,內湖區,4
2689,2022/4/8,松山區,5
2690,2022/4/8,南港區,3
2691,2022/4/7,全區,61
2692,2022/4/7,萬華區,4
2693,2022/4/7,士林區,2
2694,2022/4/7,文山區,5
2695,2022/4/7,中山區,18
2696,2022/4/7,大安區,5
2697,2022/4/7,大同區,2
2698,2022/4/7,信義區,3
2699,2022/4/7,中正區,3
2700,2022/4/7,北投區,11
2701,2022/4/7,內湖區,4
2702,2022/4/7,松山區,2
2703,2022/4/7,南港區,2
2704,2022/4/6,全區,83
2705,2022/4/6,萬華區,4
2706,2022/4/6,士林區,10
2707,2022/4/6,文山區,7
2708,2022/4/6,中山區,12
2709,2022/4/6,大同區,5
2710,2022/4/6,大安區,5
2711,2022/4/6,信義區,4
2712,2022/4/6,中正區,3
2713,2022/4/6,北投區,11
2714,2022/4/6,內湖區,14
2715,2022/4/6,松山區,5
2716,2022/4/6,南港區,3
2717,2022/4/5,全區,41
2718,2022/4/5,萬華區,4
2719,2022/4/5,士林區,3
2720,2022/4/5,文山區,2
2721,2022/4/5,大同區,1
2722,2022/4/5,大安區,6
2723,2022/4/5,中山區,7
2724,2022/4/5,信義區,2
2725,2022/4/5,中正區,1
2726,2022/4/5,北投區,4
2727,2022/4/5,內湖區,7
2728,2022/4/5,松山區,2
2729,2022/4/5,南港區,2
2730,2022/4/4,全區,29
2731,2022/4/4,士林區,4
2732,2022/4/4,大同區,3
2733,2022/4/4,大安區,1
2734,2022/4/4,中山區,7
2735,2022/4/4,信義區,3
2736,2022/4/4,中正區,2
2737,2022/4/4,北投區,1
2738,2022/4/4,內湖區,3
2739,2022/4/4,松山區,3
2740,2022/4/4,南港區,2
2741,2022/4/3,全區,22
2742,2022/4/3,萬華區,2
2743,2022/4/3,士林區,2
2744,2022/4/3,大安區,6
2745,2022/4/3,信義區,3
2746,2022/4/3,中山區,1
2747,2022/4/3,中正區,3
2748,2022/4/3,北投區,2
2749,2022/4/3,內湖區,2
2750,2022/4/3,松山區,1
2751,2022/4/2,全區,13
2752,2022/4/2,萬華區,1
2753,2022/4/2,士林區,3
2754,2022/4/2,文山區,1
2755,2022/4/2,大同區,1
2756,2022/4/2,大安區,1
2757,2022/4/2,中山區,1
2758,2022/4/2,北投區,2
2759,2022/4/2,內湖區,2
2760,2022/4/2,松山區,1
2761,2022/4/1,全區,19
2762,2022/4/1,萬華區,3
2763,2022/4/1,士林區,2
2764,2022/4/1,文山區,1
2765,2022/4/1,大同區,1
2766,2022/4/1,大安區,2
2767,2022/4/1,北投區,3
2768,2022/4/1,內湖區,3
2769,2022/4/1,松山區,2
2770,2022/4/1,南港區,2
2771,2022/3/31,全區,10
2772,2022/3/31,萬華區,1
2773,2022/3/31,士林區,2
2774,2022/3/31,文山區,1
2775,2022/3/31,中山區,1
2776,2022/3/31,中正區,2
2777,2022/3/31,內湖區,3
2778,2022/3/30,全區,7
2779,2022/3/30,萬華區,1
2780,2022/3/30,大安區,1
2781,2022/3/30,信義區,1
2782,2022/3/30,中山區,1
2783,2022/3/30,北投區,1
2784,2022/3/30,松山區,2
2785,2022/3/29,全區,1
2786,2022/3/29,中正區,1
2787,2022/3/28,全區,5
2788,2022/3/28,萬華區,1
2789,2022/3/28,士林區,1
2790,2022/3/28,中山區,1
2791,2022/3/28,松山區,2
2792,2022/3/27,全區,1
2793,2022/3/27,內湖區,1
2794,2022/3/23,全區,1
2795,2022/3/23,萬華區,1
2796,2022/3/22,全區,3
2797,2022/3/22,萬華區,2
2798,2022/3/22,中山區,1
2799,2022/3/21,全區,1
2800,2022/3/21,萬華區,1
2801,2022/3/20,全區,1
2802,2022/3/20,中山區,1
2803,2022/3/18,全區,1
2804,2022/3/18,文山區,1
2805,2022/3/12,全區,2
2806,2022/3/12,萬華區,2
2807,2022/3/11,全區,2
2808,2022/3/11,內湖區,2
2809,2022/2/28,全區,1
2810,2022/2/28,內湖區,1
2811,2022/2/25,全區,1
2812,2022/2/25,內湖區,1
2813,2022/2/23,全區,1
2814,2022/2/23,北投區,1
2815,2022/2/20,全區,1
2816,2022/2/20,北投區,1
2817,2022/2/19,全區,2
2818,2022/2/19,萬華區,1
2819,2022/2/19,中正區,1
2820,2022/2/18,全區,5
2821,2022/2/18,大同區,3
2822,2022/2/18,信義區,1
2823,2022/2/18,北投區,1
2824,2022/2/17,全區,1
2825,2022/2/17,信義區,1
2826,2022/2/16,全區,3
2827,2022/2/16,信義區,2
2828,2022/2/16,北投區,1
2829,2022/2/15,全區,1
2830,2022/2/15,北投區,1
2831,2022/2/8,全區,1
2832,2022/2/8,松山區,1
2833,2022/2/7,全區,6
2834,2022/2/7,文山區,1
2835,2022/2/7,松山區,4
2836,2022/2/7,內湖區,1
2837,2022/2/4,全區,1
2838,2022/2/4,松山區,1
2839,2022/2/3,全區,1
2840,2022/2/3,松山區,1
2841,2022/2/1,全區,1
2842,2022/2/1,內湖區,1
2843,2022/1/30,全區,1
2844,2022/1/30,松山區,1
2845,2022/1/28,全區,1
2846,2022/1/28,信義區,1
2847,2022/1/27,全區,5
2848,2022/1/27,中山區,1
2849,2022/1/27,內湖區,2
2850,2022/1/27,松山區,2
2851,2022/1/26,全區,1
2852,2022/1/26,文山區,1
2853,2022/1/25,全區,2
2854,2022/1/25,文山區,1
2855,2022/1/25,南港區,1
2856,2022/1/23,全區,2
2857,2022/1/23,士林區,1
2858,2022/1/23,北投區,1
2859,2022/1/22,全區,2
2860,2022/1/22,士林區,2
2861,2022/1/21,全區,1
2862,2022/1/21,內湖區,1
2863,2022/1/20,全區,2
2864,2022/1/20,大同區,1
2865,2022/1/20,北投區,1
2866,2022/1/16,全區,1
2867,2022/1/16,北投區,1
2868,2022/1/14,全區,1
2869,2022/1/14,北投區,1
2870,2022/1/11,全區,1
2871,2022/1/11,北投區,1
2872,2022/1/10,全區,1
2873,2022/1/10,大同區,1
2874,2022/1/8,全區,1
2875,2022/1/8,中山區,1
2876,2022/1/5,全區,1
2877,2022/1/5,萬華區,1
2878,2022/1/2,全區,1
2879,2022/1/2,大同區,1
